condition,source_stem,style,source_file,audio_file,style_strength,predicted,target,match,score,emo_sim,novelty_gain_vs_baseline,wer,mos,mos_delta_vs_baseline
legacy_combined,cremad_1003,anger,/Users/steve/UVM-plaid/dp-vc/examples/source_speakers/cremad_1003.wav,/Users/steve/UVM-plaid/dp-vc/output/pass2_combined_eval/cremad_1003_anger.wav,5.0,neutral,angry,0,0.7352,0.9951,0.1055,0.0000,3.9858,+0.0007
current_reference_guard,cremad_1003,anger,/Users/steve/UVM-plaid/dp-vc/examples/source_speakers/cremad_1003.wav,/Users/steve/UVM-plaid/dp-vc/output/mixed_teacher_cvrare_hybrid_style_distill_labeled_warmup_sad_enunc_guard_eval/cremad_1003_anger.wav,5.0,angry,angry,1,0.9999,0.8306,0.2727,0.0000,3.9595,-0.0253
legacy_combined,cremad_1003,baseline,/Users/steve/UVM-plaid/dp-vc/examples/source_speakers/cremad_1003.wav,/Users/steve/UVM-plaid/dp-vc/output/pass2_combined_eval/cremad_1003_baseline.wav,0.0,neutral,,,0.9382,,0.0000,0.0000,3.9851,
current_reference_guard,cremad_1003,baseline,/Users/steve/UVM-plaid/dp-vc/examples/source_speakers/cremad_1003.wav,/Users/steve/UVM-plaid/dp-vc/output/mixed_teacher_cvrare_hybrid_style_distill_labeled_warmup_sad_enunc_guard_eval/cremad_1003_baseline.wav,0.0,neutral,,,0.9767,,0.0000,0.0000,3.9848,
legacy_combined,cremad_1003,confused,/Users/steve/UVM-plaid/dp-vc/examples/source_speakers/cremad_1003.wav,/Users/steve/UVM-plaid/dp-vc/output/pass2_combined_eval/cremad_1003_confused.wav,5.0,sad,,,0.9981,0.9482,0.5220,0.4286,3.9885,+0.0034
current_reference_guard,cremad_1003,confused,/Users/steve/UVM-plaid/dp-vc/examples/source_speakers/cremad_1003.wav,/Users/steve/UVM-plaid/dp-vc/output/mixed_teacher_cvrare_hybrid_style_distill_labeled_warmup_sad_enunc_guard_eval/cremad_1003_confused.wav,4.0,sad,,,0.9993,0.9173,0.1641,0.1429,3.9403,-0.0445
legacy_combined,cremad_1003,disgust,/Users/steve/UVM-plaid/dp-vc/examples/source_speakers/cremad_1003.wav,/Users/steve/UVM-plaid/dp-vc/output/pass2_combined_eval/cremad_1003_disgust.wav,5.0,neutral,disgusted,0,0.9987,0.9793,0.1091,0.0000,3.9789,-0.0062
current_reference_guard,cremad_1003,disgust,/Users/steve/UVM-plaid/dp-vc/examples/source_speakers/cremad_1003.wav,/Users/steve/UVM-plaid/dp-vc/output/mixed_teacher_cvrare_hybrid_style_distill_labeled_warmup_sad_enunc_guard_eval/cremad_1003_disgust.wav,5.0,disgusted,disgusted,1,0.7412,0.9808,0.2665,0.0000,3.1527,-0.8321
legacy_combined,cremad_1003,enunciated,/Users/steve/UVM-plaid/dp-vc/examples/source_speakers/cremad_1003.wav,/Users/steve/UVM-plaid/dp-vc/output/pass2_combined_eval/cremad_1003_enunciated.wav,5.0,sad,,,0.9961,0.9375,0.4271,1.1429,3.9814,-0.0037
current_reference_guard,cremad_1003,enunciated,/Users/steve/UVM-plaid/dp-vc/examples/source_speakers/cremad_1003.wav,/Users/steve/UVM-plaid/dp-vc/output/mixed_teacher_cvrare_hybrid_style_distill_labeled_warmup_sad_enunc_guard_eval/cremad_1003_enunciated.wav,2.5,neutral,,,0.9143,0.9946,0.1959,0.0000,2.7604,-1.2244
legacy_combined,cremad_1003,fear,/Users/steve/UVM-plaid/dp-vc/examples/source_speakers/cremad_1003.wav,/Users/steve/UVM-plaid/dp-vc/output/pass2_combined_eval/cremad_1003_fear.wav,5.0,sad,fearful,0,0.5845,0.8497,0.0995,0.1429,3.9756,-0.0095
current_reference_guard,cremad_1003,fear,/Users/steve/UVM-plaid/dp-vc/examples/source_speakers/cremad_1003.wav,/Users/steve/UVM-plaid/dp-vc/output/mixed_teacher_cvrare_hybrid_style_distill_labeled_warmup_sad_enunc_guard_eval/cremad_1003_fear.wav,5.0,sad,fearful,0,0.9740,0.8492,0.3985,0.4286,3.4277,-0.5571
legacy_combined,cremad_1003,happy,/Users/steve/UVM-plaid/dp-vc/examples/source_speakers/cremad_1003.wav,/Users/steve/UVM-plaid/dp-vc/output/pass2_combined_eval/cremad_1003_happy.wav,5.0,neutral,happy,0,0.9314,0.9819,0.0430,0.0000,3.9834,-0.0017
current_reference_guard,cremad_1003,happy,/Users/steve/UVM-plaid/dp-vc/examples/source_speakers/cremad_1003.wav,/Users/steve/UVM-plaid/dp-vc/output/mixed_teacher_cvrare_hybrid_style_distill_labeled_warmup_sad_enunc_guard_eval/cremad_1003_happy.wav,5.0,happy,happy,1,0.9994,0.8872,0.1288,0.0000,3.9832,-0.0016
legacy_combined,cremad_1003,neutral,/Users/steve/UVM-plaid/dp-vc/examples/source_speakers/cremad_1003.wav,/Users/steve/UVM-plaid/dp-vc/output/pass2_combined_eval/cremad_1003_neutral.wav,5.0,neutral,neutral,1,0.8249,0.9850,0.1285,0.0000,3.9726,-0.0125
current_reference_guard,cremad_1003,neutral,/Users/steve/UVM-plaid/dp-vc/examples/source_speakers/cremad_1003.wav,/Users/steve/UVM-plaid/dp-vc/output/mixed_teacher_cvrare_hybrid_style_distill_labeled_warmup_sad_enunc_guard_eval/cremad_1003_neutral.wav,5.0,neutral,neutral,1,0.9897,0.9913,0.2449,0.0000,3.9819,-0.0029
legacy_combined,cremad_1003,sad,/Users/steve/UVM-plaid/dp-vc/examples/source_speakers/cremad_1003.wav,/Users/steve/UVM-plaid/dp-vc/output/pass2_combined_eval/cremad_1003_sad.wav,5.0,sad,sad,1,0.9985,0.8771,0.1883,0.0000,3.9540,-0.0311
current_reference_guard,cremad_1003,sad,/Users/steve/UVM-plaid/dp-vc/examples/source_speakers/cremad_1003.wav,/Users/steve/UVM-plaid/dp-vc/output/mixed_teacher_cvrare_hybrid_style_distill_labeled_warmup_sad_enunc_guard_eval/cremad_1003_sad.wav,3.5,sad,sad,1,0.9918,0.9451,0.1527,0.0000,3.9385,-0.0463
legacy_combined,cremad_1003,whisper,/Users/steve/UVM-plaid/dp-vc/examples/source_speakers/cremad_1003.wav,/Users/steve/UVM-plaid/dp-vc/output/pass2_combined_eval/cremad_1003_whisper.wav,5.0,disgusted,,,1.0000,0.8525,0.5589,0.8571,3.9756,-0.0095
current_reference_guard,cremad_1003,whisper,/Users/steve/UVM-plaid/dp-vc/examples/source_speakers/cremad_1003.wav,/Users/steve/UVM-plaid/dp-vc/output/mixed_teacher_cvrare_hybrid_style_distill_labeled_warmup_sad_enunc_guard_eval/cremad_1003_whisper.wav,5.0,sad,,,0.8021,0.9111,0.6767,0.0000,3.9815,-0.0033
legacy_combined,cremad_1004,anger,/Users/steve/UVM-plaid/dp-vc/examples/source_speakers/cremad_1004.wav,/Users/steve/UVM-plaid/dp-vc/output/pass2_combined_eval/cremad_1004_anger.wav,5.0,neutral,angry,0,0.5745,0.9557,0.0934,0.0000,3.9705,+0.0492
current_reference_guard,cremad_1004,anger,/Users/steve/UVM-plaid/dp-vc/examples/source_speakers/cremad_1004.wav,/Users/steve/UVM-plaid/dp-vc/output/mixed_teacher_cvrare_hybrid_style_distill_labeled_warmup_sad_enunc_guard_eval/cremad_1004_anger.wav,5.0,disgusted,angry,0,0.7742,0.9111,0.3592,0.0000,3.9425,-0.0207
legacy_combined,cremad_1004,baseline,/Users/steve/UVM-plaid/dp-vc/examples/source_speakers/cremad_1004.wav,/Users/steve/UVM-plaid/dp-vc/output/pass2_combined_eval/cremad_1004_baseline.wav,0.0,neutral,,,1.0000,,0.0000,0.0000,3.9213,
current_reference_guard,cremad_1004,baseline,/Users/steve/UVM-plaid/dp-vc/examples/source_speakers/cremad_1004.wav,/Users/steve/UVM-plaid/dp-vc/output/mixed_teacher_cvrare_hybrid_style_distill_labeled_warmup_sad_enunc_guard_eval/cremad_1004_baseline.wav,0.0,neutral,,,0.9999,,0.0000,0.0000,3.9632,
legacy_combined,cremad_1004,confused,/Users/steve/UVM-plaid/dp-vc/examples/source_speakers/cremad_1004.wav,/Users/steve/UVM-plaid/dp-vc/output/pass2_combined_eval/cremad_1004_confused.wav,5.0,sad,,,0.6018,0.9266,0.5737,0.0000,3.9603,+0.0390
current_reference_guard,cremad_1004,confused,/Users/steve/UVM-plaid/dp-vc/examples/source_speakers/cremad_1004.wav,/Users/steve/UVM-plaid/dp-vc/output/mixed_teacher_cvrare_hybrid_style_distill_labeled_warmup_sad_enunc_guard_eval/cremad_1004_confused.wav,4.0,neutral,,,0.9062,0.9579,0.2916,0.0000,3.8422,-0.1210
legacy_combined,cremad_1004,disgust,/Users/steve/UVM-plaid/dp-vc/examples/source_speakers/cremad_1004.wav,/Users/steve/UVM-plaid/dp-vc/output/pass2_combined_eval/cremad_1004_disgust.wav,5.0,happy,disgusted,0,0.7605,0.9344,0.1776,0.0000,3.9239,+0.0026
current_reference_guard,cremad_1004,disgust,/Users/steve/UVM-plaid/dp-vc/examples/source_speakers/cremad_1004.wav,/Users/steve/UVM-plaid/dp-vc/output/mixed_teacher_cvrare_hybrid_style_distill_labeled_warmup_sad_enunc_guard_eval/cremad_1004_disgust.wav,5.0,disgusted,disgusted,1,0.8958,0.9339,0.2893,0.0000,3.8888,-0.0744
legacy_combined,cremad_1004,enunciated,/Users/steve/UVM-plaid/dp-vc/examples/source_speakers/cremad_1004.wav,/Users/steve/UVM-plaid/dp-vc/output/pass2_combined_eval/cremad_1004_enunciated.wav,5.0,neutral,,,0.9974,0.9849,0.3364,0.0000,3.9720,+0.0507
current_reference_guard,cremad_1004,enunciated,/Users/steve/UVM-plaid/dp-vc/examples/source_speakers/cremad_1004.wav,/Users/steve/UVM-plaid/dp-vc/output/mixed_teacher_cvrare_hybrid_style_distill_labeled_warmup_sad_enunc_guard_eval/cremad_1004_enunciated.wav,2.5,neutral,,,0.5591,0.9732,0.2057,0.0000,2.7487,-1.2145
legacy_combined,cremad_1004,fear,/Users/steve/UVM-plaid/dp-vc/examples/source_speakers/cremad_1004.wav,/Users/steve/UVM-plaid/dp-vc/output/pass2_combined_eval/cremad_1004_fear.wav,5.0,neutral,fearful,0,0.5533,0.9677,0.1203,0.0000,3.9640,+0.0427
current_reference_guard,cremad_1004,fear,/Users/steve/UVM-plaid/dp-vc/examples/source_speakers/cremad_1004.wav,/Users/steve/UVM-plaid/dp-vc/output/mixed_teacher_cvrare_hybrid_style_distill_labeled_warmup_sad_enunc_guard_eval/cremad_1004_fear.wav,5.0,fearful,fearful,1,0.5509,0.8176,0.4328,0.1429,3.8811,-0.0821
legacy_combined,cremad_1004,happy,/Users/steve/UVM-plaid/dp-vc/examples/source_speakers/cremad_1004.wav,/Users/steve/UVM-plaid/dp-vc/output/pass2_combined_eval/cremad_1004_happy.wav,5.0,neutral,happy,0,0.9181,0.9852,0.0787,0.0000,3.9655,+0.0442
current_reference_guard,cremad_1004,happy,/Users/steve/UVM-plaid/dp-vc/examples/source_speakers/cremad_1004.wav,/Users/steve/UVM-plaid/dp-vc/output/mixed_teacher_cvrare_hybrid_style_distill_labeled_warmup_sad_enunc_guard_eval/cremad_1004_happy.wav,5.0,happy,happy,1,0.9836,0.9246,0.2500,0.0000,3.9507,-0.0125
legacy_combined,cremad_1004,neutral,/Users/steve/UVM-plaid/dp-vc/examples/source_speakers/cremad_1004.wav,/Users/steve/UVM-plaid/dp-vc/output/pass2_combined_eval/cremad_1004_neutral.wav,5.0,neutral,neutral,1,0.8309,0.9792,0.0892,0.0000,3.8852,-0.0361
current_reference_guard,cremad_1004,neutral,/Users/steve/UVM-plaid/dp-vc/examples/source_speakers/cremad_1004.wav,/Users/steve/UVM-plaid/dp-vc/output/mixed_teacher_cvrare_hybrid_style_distill_labeled_warmup_sad_enunc_guard_eval/cremad_1004_neutral.wav,5.0,neutral,neutral,1,0.8275,0.9805,0.2799,0.0000,3.9532,-0.0100
legacy_combined,cremad_1004,sad,/Users/steve/UVM-plaid/dp-vc/examples/source_speakers/cremad_1004.wav,/Users/steve/UVM-plaid/dp-vc/output/pass2_combined_eval/cremad_1004_sad.wav,5.0,neutral,sad,0,0.9968,0.9940,0.1125,0.0000,3.9209,-0.0004
current_reference_guard,cremad_1004,sad,/Users/steve/UVM-plaid/dp-vc/examples/source_speakers/cremad_1004.wav,/Users/steve/UVM-plaid/dp-vc/output/mixed_teacher_cvrare_hybrid_style_distill_labeled_warmup_sad_enunc_guard_eval/cremad_1004_sad.wav,3.5,sad,sad,1,0.7634,0.9620,0.1027,0.0000,3.8999,-0.0633
legacy_combined,cremad_1004,whisper,/Users/steve/UVM-plaid/dp-vc/examples/source_speakers/cremad_1004.wav,/Users/steve/UVM-plaid/dp-vc/output/pass2_combined_eval/cremad_1004_whisper.wav,5.0,happy,,,0.5712,0.8657,0.6783,0.0000,3.9004,-0.0209
current_reference_guard,cremad_1004,whisper,/Users/steve/UVM-plaid/dp-vc/examples/source_speakers/cremad_1004.wav,/Users/steve/UVM-plaid/dp-vc/output/mixed_teacher_cvrare_hybrid_style_distill_labeled_warmup_sad_enunc_guard_eval/cremad_1004_whisper.wav,5.0,angry,,,0.3547,0.8744,0.7136,0.0000,3.8680,-0.0952
legacy_combined,cremad_1006,anger,/Users/steve/UVM-plaid/dp-vc/examples/source_speakers/cremad_1006.wav,/Users/steve/UVM-plaid/dp-vc/output/pass2_combined_eval/cremad_1006_anger.wav,5.0,<unk>,angry,0,0.8515,0.9451,0.2041,0.0000,3.9621,+0.0001
current_reference_guard,cremad_1006,anger,/Users/steve/UVM-plaid/dp-vc/examples/source_speakers/cremad_1006.wav,/Users/steve/UVM-plaid/dp-vc/output/mixed_teacher_cvrare_hybrid_style_distill_labeled_warmup_sad_enunc_guard_eval/cremad_1006_anger.wav,5.0,neutral,angry,0,0.8834,0.9470,0.3805,0.0000,3.2689,-0.6623
legacy_combined,cremad_1006,baseline,/Users/steve/UVM-plaid/dp-vc/examples/source_speakers/cremad_1006.wav,/Users/steve/UVM-plaid/dp-vc/output/pass2_combined_eval/cremad_1006_baseline.wav,0.0,neutral,,,1.0000,,0.0000,0.0000,3.9620,
current_reference_guard,cremad_1006,baseline,/Users/steve/UVM-plaid/dp-vc/examples/source_speakers/cremad_1006.wav,/Users/steve/UVM-plaid/dp-vc/output/mixed_teacher_cvrare_hybrid_style_distill_labeled_warmup_sad_enunc_guard_eval/cremad_1006_baseline.wav,0.0,neutral,,,1.0000,,0.0000,0.0000,3.9312,
legacy_combined,cremad_1006,confused,/Users/steve/UVM-plaid/dp-vc/examples/source_speakers/cremad_1006.wav,/Users/steve/UVM-plaid/dp-vc/output/pass2_combined_eval/cremad_1006_confused.wav,5.0,neutral,,,0.9711,0.9768,0.7145,0.0000,2.8003,-1.1617
current_reference_guard,cremad_1006,confused,/Users/steve/UVM-plaid/dp-vc/examples/source_speakers/cremad_1006.wav,/Users/steve/UVM-plaid/dp-vc/output/mixed_teacher_cvrare_hybrid_style_distill_labeled_warmup_sad_enunc_guard_eval/cremad_1006_confused.wav,4.0,neutral,,,0.9997,0.9934,0.3570,0.1667,2.7601,-1.1711
legacy_combined,cremad_1006,disgust,/Users/steve/UVM-plaid/dp-vc/examples/source_speakers/cremad_1006.wav,/Users/steve/UVM-plaid/dp-vc/output/pass2_combined_eval/cremad_1006_disgust.wav,5.0,neutral,disgusted,0,0.9771,0.9732,0.1721,0.0000,3.9173,-0.0447
current_reference_guard,cremad_1006,disgust,/Users/steve/UVM-plaid/dp-vc/examples/source_speakers/cremad_1006.wav,/Users/steve/UVM-plaid/dp-vc/output/mixed_teacher_cvrare_hybrid_style_distill_labeled_warmup_sad_enunc_guard_eval/cremad_1006_disgust.wav,5.0,neutral,disgusted,0,0.9999,0.9970,0.2396,0.0000,3.9600,+0.0288
legacy_combined,cremad_1006,enunciated,/Users/steve/UVM-plaid/dp-vc/examples/source_speakers/cremad_1006.wav,/Users/steve/UVM-plaid/dp-vc/output/pass2_combined_eval/cremad_1006_enunciated.wav,5.0,neutral,,,0.9965,0.9892,0.5029,0.1667,3.9468,-0.0152
current_reference_guard,cremad_1006,enunciated,/Users/steve/UVM-plaid/dp-vc/examples/source_speakers/cremad_1006.wav,/Users/steve/UVM-plaid/dp-vc/output/mixed_teacher_cvrare_hybrid_style_distill_labeled_warmup_sad_enunc_guard_eval/cremad_1006_enunciated.wav,2.5,neutral,,,1.0000,0.9969,0.1676,0.0000,3.9234,-0.0078
legacy_combined,cremad_1006,fear,/Users/steve/UVM-plaid/dp-vc/examples/source_speakers/cremad_1006.wav,/Users/steve/UVM-plaid/dp-vc/output/pass2_combined_eval/cremad_1006_fear.wav,5.0,neutral,fearful,0,0.9232,0.9666,0.1765,0.0000,3.9763,+0.0143
current_reference_guard,cremad_1006,fear,/Users/steve/UVM-plaid/dp-vc/examples/source_speakers/cremad_1006.wav,/Users/steve/UVM-plaid/dp-vc/output/mixed_teacher_cvrare_hybrid_style_distill_labeled_warmup_sad_enunc_guard_eval/cremad_1006_fear.wav,5.0,happy,fearful,0,0.9444,0.8977,0.3373,0.0000,3.9562,+0.0250
legacy_combined,cremad_1006,happy,/Users/steve/UVM-plaid/dp-vc/examples/source_speakers/cremad_1006.wav,/Users/steve/UVM-plaid/dp-vc/output/pass2_combined_eval/cremad_1006_happy.wav,5.0,neutral,happy,0,0.9611,0.9812,0.1178,0.0000,3.9757,+0.0137
current_reference_guard,cremad_1006,happy,/Users/steve/UVM-plaid/dp-vc/examples/source_speakers/cremad_1006.wav,/Users/steve/UVM-plaid/dp-vc/output/mixed_teacher_cvrare_hybrid_style_distill_labeled_warmup_sad_enunc_guard_eval/cremad_1006_happy.wav,5.0,happy,happy,1,0.6490,0.9100,0.2683,0.0000,3.9172,-0.0140
legacy_combined,cremad_1006,neutral,/Users/steve/UVM-plaid/dp-vc/examples/source_speakers/cremad_1006.wav,/Users/steve/UVM-plaid/dp-vc/output/pass2_combined_eval/cremad_1006_neutral.wav,5.0,neutral,neutral,1,0.9824,0.9848,0.0728,0.0000,3.9531,-0.0089
current_reference_guard,cremad_1006,neutral,/Users/steve/UVM-plaid/dp-vc/examples/source_speakers/cremad_1006.wav,/Users/steve/UVM-plaid/dp-vc/output/mixed_teacher_cvrare_hybrid_style_distill_labeled_warmup_sad_enunc_guard_eval/cremad_1006_neutral.wav,5.0,neutral,neutral,1,0.9692,0.9790,0.3035,0.0000,3.7489,-0.1823
legacy_combined,cremad_1006,sad,/Users/steve/UVM-plaid/dp-vc/examples/source_speakers/cremad_1006.wav,/Users/steve/UVM-plaid/dp-vc/output/pass2_combined_eval/cremad_1006_sad.wav,5.0,sad,sad,1,0.9868,0.9408,0.1363,0.0000,3.9534,-0.0086
current_reference_guard,cremad_1006,sad,/Users/steve/UVM-plaid/dp-vc/examples/source_speakers/cremad_1006.wav,/Users/steve/UVM-plaid/dp-vc/output/mixed_teacher_cvrare_hybrid_style_distill_labeled_warmup_sad_enunc_guard_eval/cremad_1006_sad.wav,3.5,neutral,sad,0,0.8969,0.9780,0.0379,0.0000,3.8581,-0.0731
legacy_combined,cremad_1006,whisper,/Users/steve/UVM-plaid/dp-vc/examples/source_speakers/cremad_1006.wav,/Users/steve/UVM-plaid/dp-vc/output/pass2_combined_eval/cremad_1006_whisper.wav,5.0,disgusted,,,0.9835,0.8278,0.7148,0.8333,3.7906,-0.1714
current_reference_guard,cremad_1006,whisper,/Users/steve/UVM-plaid/dp-vc/examples/source_speakers/cremad_1006.wav,/Users/steve/UVM-plaid/dp-vc/output/mixed_teacher_cvrare_hybrid_style_distill_labeled_warmup_sad_enunc_guard_eval/cremad_1006_whisper.wav,5.0,disgusted,,,0.9926,0.7571,0.7064,0.1667,3.4437,-0.4875
legacy_combined,cremad_1007,anger,/Users/steve/UVM-plaid/dp-vc/examples/source_speakers/cremad_1007.wav,/Users/steve/UVM-plaid/dp-vc/output/pass2_combined_eval/cremad_1007_anger.wav,5.0,angry,angry,1,0.5332,0.9066,0.1967,0.3750,3.9647,+0.0386
current_reference_guard,cremad_1007,anger,/Users/steve/UVM-plaid/dp-vc/examples/source_speakers/cremad_1007.wav,/Users/steve/UVM-plaid/dp-vc/output/mixed_teacher_cvrare_hybrid_style_distill_labeled_warmup_sad_enunc_guard_eval/cremad_1007_anger.wav,5.0,disgusted,angry,0,0.7084,0.9067,0.3697,0.7500,3.9257,+0.0428
legacy_combined,cremad_1007,baseline,/Users/steve/UVM-plaid/dp-vc/examples/source_speakers/cremad_1007.wav,/Users/steve/UVM-plaid/dp-vc/output/pass2_combined_eval/cremad_1007_baseline.wav,0.0,neutral,,,0.9999,,0.0000,0.0000,3.9261,
current_reference_guard,cremad_1007,baseline,/Users/steve/UVM-plaid/dp-vc/examples/source_speakers/cremad_1007.wav,/Users/steve/UVM-plaid/dp-vc/output/mixed_teacher_cvrare_hybrid_style_distill_labeled_warmup_sad_enunc_guard_eval/cremad_1007_baseline.wav,0.0,neutral,,,1.0000,,0.0000,0.0000,3.8829,
legacy_combined,cremad_1007,confused,/Users/steve/UVM-plaid/dp-vc/examples/source_speakers/cremad_1007.wav,/Users/steve/UVM-plaid/dp-vc/output/pass2_combined_eval/cremad_1007_confused.wav,5.0,sad,,,0.9932,0.9449,0.6977,0.2500,3.3475,-0.5786
current_reference_guard,cremad_1007,confused,/Users/steve/UVM-plaid/dp-vc/examples/source_speakers/cremad_1007.wav,/Users/steve/UVM-plaid/dp-vc/output/mixed_teacher_cvrare_hybrid_style_distill_labeled_warmup_sad_enunc_guard_eval/cremad_1007_confused.wav,4.0,sad,,,0.9962,0.9157,0.2910,0.0000,3.5728,-0.3101
legacy_combined,cremad_1007,disgust,/Users/steve/UVM-plaid/dp-vc/examples/source_speakers/cremad_1007.wav,/Users/steve/UVM-plaid/dp-vc/output/pass2_combined_eval/cremad_1007_disgust.wav,5.0,neutral,disgusted,0,0.9988,0.9851,0.1670,0.3750,3.8720,-0.0541
current_reference_guard,cremad_1007,disgust,/Users/steve/UVM-plaid/dp-vc/examples/source_speakers/cremad_1007.wav,/Users/steve/UVM-plaid/dp-vc/output/mixed_teacher_cvrare_hybrid_style_distill_labeled_warmup_sad_enunc_guard_eval/cremad_1007_disgust.wav,5.0,neutral,disgusted,0,0.9999,0.9924,0.1234,0.3750,3.9564,+0.0735
legacy_combined,cremad_1007,enunciated,/Users/steve/UVM-plaid/dp-vc/examples/source_speakers/cremad_1007.wav,/Users/steve/UVM-plaid/dp-vc/output/pass2_combined_eval/cremad_1007_enunciated.wav,5.0,sad,,,0.9931,0.9436,0.4521,0.5000,3.9720,+0.0459
current_reference_guard,cremad_1007,enunciated,/Users/steve/UVM-plaid/dp-vc/examples/source_speakers/cremad_1007.wav,/Users/steve/UVM-plaid/dp-vc/output/mixed_teacher_cvrare_hybrid_style_distill_labeled_warmup_sad_enunc_guard_eval/cremad_1007_enunciated.wav,2.5,neutral,,,0.9108,0.9624,0.0810,0.3750,3.9023,+0.0194
legacy_combined,cremad_1007,fear,/Users/steve/UVM-plaid/dp-vc/examples/source_speakers/cremad_1007.wav,/Users/steve/UVM-plaid/dp-vc/output/pass2_combined_eval/cremad_1007_fear.wav,5.0,sad,fearful,0,0.9962,0.9317,0.1614,0.0000,3.9662,+0.0401
current_reference_guard,cremad_1007,fear,/Users/steve/UVM-plaid/dp-vc/examples/source_speakers/cremad_1007.wav,/Users/steve/UVM-plaid/dp-vc/output/mixed_teacher_cvrare_hybrid_style_distill_labeled_warmup_sad_enunc_guard_eval/cremad_1007_fear.wav,5.0,sad,fearful,0,0.9864,0.8913,0.3855,0.5000,3.9634,+0.0805
legacy_combined,cremad_1007,happy,/Users/steve/UVM-plaid/dp-vc/examples/source_speakers/cremad_1007.wav,/Users/steve/UVM-plaid/dp-vc/output/pass2_combined_eval/cremad_1007_happy.wav,5.0,neutral,happy,0,0.9890,0.9874,0.1121,0.1250,3.9684,+0.0423
current_reference_guard,cremad_1007,happy,/Users/steve/UVM-plaid/dp-vc/examples/source_speakers/cremad_1007.wav,/Users/steve/UVM-plaid/dp-vc/output/mixed_teacher_cvrare_hybrid_style_distill_labeled_warmup_sad_enunc_guard_eval/cremad_1007_happy.wav,5.0,happy,happy,1,0.9373,0.8969,0.1582,1.0000,3.8720,-0.0109
legacy_combined,cremad_1007,neutral,/Users/steve/UVM-plaid/dp-vc/examples/source_speakers/cremad_1007.wav,/Users/steve/UVM-plaid/dp-vc/output/pass2_combined_eval/cremad_1007_neutral.wav,5.0,sad,neutral,0,0.5046,0.9664,0.0961,0.0000,3.9158,-0.0103
current_reference_guard,cremad_1007,neutral,/Users/steve/UVM-plaid/dp-vc/examples/source_speakers/cremad_1007.wav,/Users/steve/UVM-plaid/dp-vc/output/mixed_teacher_cvrare_hybrid_style_distill_labeled_warmup_sad_enunc_guard_eval/cremad_1007_neutral.wav,5.0,sad,neutral,0,0.8724,0.9439,0.2903,0.3750,3.7505,-0.1324
legacy_combined,cremad_1007,sad,/Users/steve/UVM-plaid/dp-vc/examples/source_speakers/cremad_1007.wav,/Users/steve/UVM-plaid/dp-vc/output/pass2_combined_eval/cremad_1007_sad.wav,5.0,neutral,sad,0,0.8132,0.9738,0.1884,0.3750,3.8979,-0.0282
current_reference_guard,cremad_1007,sad,/Users/steve/UVM-plaid/dp-vc/examples/source_speakers/cremad_1007.wav,/Users/steve/UVM-plaid/dp-vc/output/mixed_teacher_cvrare_hybrid_style_distill_labeled_warmup_sad_enunc_guard_eval/cremad_1007_sad.wav,3.5,sad,sad,1,0.8654,0.9558,0.0630,0.7500,3.8955,+0.0126
legacy_combined,cremad_1007,whisper,/Users/steve/UVM-plaid/dp-vc/examples/source_speakers/cremad_1007.wav,/Users/steve/UVM-plaid/dp-vc/output/pass2_combined_eval/cremad_1007_whisper.wav,5.0,neutral,,,0.8383,0.9690,0.7879,0.5000,3.7239,-0.2022
current_reference_guard,cremad_1007,whisper,/Users/steve/UVM-plaid/dp-vc/examples/source_speakers/cremad_1007.wav,/Users/steve/UVM-plaid/dp-vc/output/mixed_teacher_cvrare_hybrid_style_distill_labeled_warmup_sad_enunc_guard_eval/cremad_1007_whisper.wav,5.0,sad,,,0.7046,0.8374,0.6207,0.1250,3.7598,-0.1231
legacy_combined,cremad_1023,anger,/Users/steve/UVM-plaid/dp-vc/examples/source_speakers/cremad_1023.wav,/Users/steve/UVM-plaid/dp-vc/output/pass2_combined_eval/cremad_1023_anger.wav,5.0,angry,angry,1,0.7306,0.9044,0.1911,0.2857,3.9775,+0.0158
current_reference_guard,cremad_1023,anger,/Users/steve/UVM-plaid/dp-vc/examples/source_speakers/cremad_1023.wav,/Users/steve/UVM-plaid/dp-vc/output/mixed_teacher_cvrare_hybrid_style_distill_labeled_warmup_sad_enunc_guard_eval/cremad_1023_anger.wav,5.0,neutral,angry,0,0.9989,0.9861,0.2830,0.0714,3.9592,+0.0151
legacy_combined,cremad_1023,baseline,/Users/steve/UVM-plaid/dp-vc/examples/source_speakers/cremad_1023.wav,/Users/steve/UVM-plaid/dp-vc/output/pass2_combined_eval/cremad_1023_baseline.wav,0.0,neutral,,,1.0000,,0.0000,0.0000,3.9617,
current_reference_guard,cremad_1023,baseline,/Users/steve/UVM-plaid/dp-vc/examples/source_speakers/cremad_1023.wav,/Users/steve/UVM-plaid/dp-vc/output/mixed_teacher_cvrare_hybrid_style_distill_labeled_warmup_sad_enunc_guard_eval/cremad_1023_baseline.wav,0.0,neutral,,,1.0000,,0.0000,0.0000,3.9441,
legacy_combined,cremad_1023,confused,/Users/steve/UVM-plaid/dp-vc/examples/source_speakers/cremad_1023.wav,/Users/steve/UVM-plaid/dp-vc/output/pass2_combined_eval/cremad_1023_confused.wav,5.0,sad,,,0.9987,0.9074,0.5779,0.4286,3.9410,-0.0207
current_reference_guard,cremad_1023,confused,/Users/steve/UVM-plaid/dp-vc/examples/source_speakers/cremad_1023.wav,/Users/steve/UVM-plaid/dp-vc/output/mixed_teacher_cvrare_hybrid_style_distill_labeled_warmup_sad_enunc_guard_eval/cremad_1023_confused.wav,4.0,sad,,,0.6247,0.9385,0.2853,0.3571,3.9729,+0.0288
legacy_combined,cremad_1023,disgust,/Users/steve/UVM-plaid/dp-vc/examples/source_speakers/cremad_1023.wav,/Users/steve/UVM-plaid/dp-vc/output/pass2_combined_eval/cremad_1023_disgust.wav,5.0,neutral,disgusted,0,0.9628,0.9576,0.1811,0.4286,3.9127,-0.0490
current_reference_guard,cremad_1023,disgust,/Users/steve/UVM-plaid/dp-vc/examples/source_speakers/cremad_1023.wav,/Users/steve/UVM-plaid/dp-vc/output/mixed_teacher_cvrare_hybrid_style_distill_labeled_warmup_sad_enunc_guard_eval/cremad_1023_disgust.wav,5.0,neutral,disgusted,0,0.9346,0.9599,0.1672,0.2143,3.9591,+0.0150
legacy_combined,cremad_1023,enunciated,/Users/steve/UVM-plaid/dp-vc/examples/source_speakers/cremad_1023.wav,/Users/steve/UVM-plaid/dp-vc/output/pass2_combined_eval/cremad_1023_enunciated.wav,5.0,sad,,,0.9623,0.9322,0.4653,0.2143,3.8842,-0.0775
current_reference_guard,cremad_1023,enunciated,/Users/steve/UVM-plaid/dp-vc/examples/source_speakers/cremad_1023.wav,/Users/steve/UVM-plaid/dp-vc/output/mixed_teacher_cvrare_hybrid_style_distill_labeled_warmup_sad_enunc_guard_eval/cremad_1023_enunciated.wav,2.5,neutral,,,0.9998,0.9865,0.1104,0.2143,3.6345,-0.3096
legacy_combined,cremad_1023,fear,/Users/steve/UVM-plaid/dp-vc/examples/source_speakers/cremad_1023.wav,/Users/steve/UVM-plaid/dp-vc/output/pass2_combined_eval/cremad_1023_fear.wav,5.0,sad,fearful,0,0.9993,0.8934,0.1489,0.2857,3.9772,+0.0155
current_reference_guard,cremad_1023,fear,/Users/steve/UVM-plaid/dp-vc/examples/source_speakers/cremad_1023.wav,/Users/steve/UVM-plaid/dp-vc/output/mixed_teacher_cvrare_hybrid_style_distill_labeled_warmup_sad_enunc_guard_eval/cremad_1023_fear.wav,5.0,fearful,fearful,1,0.5393,0.8323,0.3025,0.3571,3.9626,+0.0185
legacy_combined,cremad_1023,happy,/Users/steve/UVM-plaid/dp-vc/examples/source_speakers/cremad_1023.wav,/Users/steve/UVM-plaid/dp-vc/output/pass2_combined_eval/cremad_1023_happy.wav,5.0,neutral,happy,0,0.6525,0.9300,0.1208,0.0000,3.9755,+0.0138
current_reference_guard,cremad_1023,happy,/Users/steve/UVM-plaid/dp-vc/examples/source_speakers/cremad_1023.wav,/Users/steve/UVM-plaid/dp-vc/output/mixed_teacher_cvrare_hybrid_style_distill_labeled_warmup_sad_enunc_guard_eval/cremad_1023_happy.wav,5.0,sad,happy,0,0.9716,0.9008,0.1090,0.4286,3.9268,-0.0173
legacy_combined,cremad_1023,neutral,/Users/steve/UVM-plaid/dp-vc/examples/source_speakers/cremad_1023.wav,/Users/steve/UVM-plaid/dp-vc/output/pass2_combined_eval/cremad_1023_neutral.wav,5.0,neutral,neutral,1,0.9893,0.9712,0.1005,0.4286,3.9468,-0.0149
current_reference_guard,cremad_1023,neutral,/Users/steve/UVM-plaid/dp-vc/examples/source_speakers/cremad_1023.wav,/Users/steve/UVM-plaid/dp-vc/output/mixed_teacher_cvrare_hybrid_style_distill_labeled_warmup_sad_enunc_guard_eval/cremad_1023_neutral.wav,5.0,neutral,neutral,1,0.9967,0.9805,0.1507,0.0000,3.7569,-0.1872
legacy_combined,cremad_1023,sad,/Users/steve/UVM-plaid/dp-vc/examples/source_speakers/cremad_1023.wav,/Users/steve/UVM-plaid/dp-vc/output/pass2_combined_eval/cremad_1023_sad.wav,5.0,sad,sad,1,0.9807,0.9309,0.1534,0.4286,3.9482,-0.0135
current_reference_guard,cremad_1023,sad,/Users/steve/UVM-plaid/dp-vc/examples/source_speakers/cremad_1023.wav,/Users/steve/UVM-plaid/dp-vc/output/mixed_teacher_cvrare_hybrid_style_distill_labeled_warmup_sad_enunc_guard_eval/cremad_1023_sad.wav,3.5,sad,sad,1,0.7444,0.9364,0.0760,0.1429,3.9067,-0.0374
legacy_combined,cremad_1023,whisper,/Users/steve/UVM-plaid/dp-vc/examples/source_speakers/cremad_1023.wav,/Users/steve/UVM-plaid/dp-vc/output/pass2_combined_eval/cremad_1023_whisper.wav,5.0,neutral,,,0.3375,0.8804,0.7922,0.6429,3.9264,-0.0353
current_reference_guard,cremad_1023,whisper,/Users/steve/UVM-plaid/dp-vc/examples/source_speakers/cremad_1023.wav,/Users/steve/UVM-plaid/dp-vc/output/mixed_teacher_cvrare_hybrid_style_distill_labeled_warmup_sad_enunc_guard_eval/cremad_1023_whisper.wav,5.0,fearful,,,0.9406,0.7969,0.6451,0.6429,3.9732,+0.0291
legacy_combined,cremad_1045,anger,/Users/steve/UVM-plaid/dp-vc/examples/source_speakers/cremad_1045.wav,/Users/steve/UVM-plaid/dp-vc/output/pass2_combined_eval/cremad_1045_anger.wav,5.0,neutral,angry,0,0.5775,0.9415,0.1347,0.1429,3.9746,+0.0176
current_reference_guard,cremad_1045,anger,/Users/steve/UVM-plaid/dp-vc/examples/source_speakers/cremad_1045.wav,/Users/steve/UVM-plaid/dp-vc/output/mixed_teacher_cvrare_hybrid_style_distill_labeled_warmup_sad_enunc_guard_eval/cremad_1045_anger.wav,5.0,neutral,angry,0,0.9845,0.9869,0.3009,0.1429,3.9625,+0.0316
legacy_combined,cremad_1045,baseline,/Users/steve/UVM-plaid/dp-vc/examples/source_speakers/cremad_1045.wav,/Users/steve/UVM-plaid/dp-vc/output/pass2_combined_eval/cremad_1045_baseline.wav,0.0,neutral,,,0.9999,,0.0000,0.0000,3.9570,
current_reference_guard,cremad_1045,baseline,/Users/steve/UVM-plaid/dp-vc/examples/source_speakers/cremad_1045.wav,/Users/steve/UVM-plaid/dp-vc/output/mixed_teacher_cvrare_hybrid_style_distill_labeled_warmup_sad_enunc_guard_eval/cremad_1045_baseline.wav,0.0,neutral,,,1.0000,,0.0000,0.0000,3.9309,
legacy_combined,cremad_1045,confused,/Users/steve/UVM-plaid/dp-vc/examples/source_speakers/cremad_1045.wav,/Users/steve/UVM-plaid/dp-vc/output/pass2_combined_eval/cremad_1045_confused.wav,5.0,sad,,,0.9881,0.9529,0.5272,0.3571,3.8633,-0.0937
current_reference_guard,cremad_1045,confused,/Users/steve/UVM-plaid/dp-vc/examples/source_speakers/cremad_1045.wav,/Users/steve/UVM-plaid/dp-vc/output/mixed_teacher_cvrare_hybrid_style_distill_labeled_warmup_sad_enunc_guard_eval/cremad_1045_confused.wav,4.0,sad,,,0.9458,0.9541,0.3157,0.5000,3.5625,-0.3684
legacy_combined,cremad_1045,disgust,/Users/steve/UVM-plaid/dp-vc/examples/source_speakers/cremad_1045.wav,/Users/steve/UVM-plaid/dp-vc/output/pass2_combined_eval/cremad_1045_disgust.wav,5.0,neutral,disgusted,0,0.9957,0.9863,0.0745,0.2857,3.8827,-0.0743
current_reference_guard,cremad_1045,disgust,/Users/steve/UVM-plaid/dp-vc/examples/source_speakers/cremad_1045.wav,/Users/steve/UVM-plaid/dp-vc/output/mixed_teacher_cvrare_hybrid_style_distill_labeled_warmup_sad_enunc_guard_eval/cremad_1045_disgust.wav,5.0,neutral,disgusted,0,0.8350,0.9757,0.1245,0.1429,3.9707,+0.0398
legacy_combined,cremad_1045,enunciated,/Users/steve/UVM-plaid/dp-vc/examples/source_speakers/cremad_1045.wav,/Users/steve/UVM-plaid/dp-vc/output/pass2_combined_eval/cremad_1045_enunciated.wav,5.0,neutral,,,0.8825,0.9821,0.4539,0.5714,3.8090,-0.1480
current_reference_guard,cremad_1045,enunciated,/Users/steve/UVM-plaid/dp-vc/examples/source_speakers/cremad_1045.wav,/Users/steve/UVM-plaid/dp-vc/output/mixed_teacher_cvrare_hybrid_style_distill_labeled_warmup_sad_enunc_guard_eval/cremad_1045_enunciated.wav,2.5,neutral,,,0.9980,0.9939,0.1133,0.3571,3.6085,-0.3224
legacy_combined,cremad_1045,fear,/Users/steve/UVM-plaid/dp-vc/examples/source_speakers/cremad_1045.wav,/Users/steve/UVM-plaid/dp-vc/output/pass2_combined_eval/cremad_1045_fear.wav,5.0,sad,fearful,0,0.8036,0.9638,0.0943,0.2857,3.9732,+0.0162
current_reference_guard,cremad_1045,fear,/Users/steve/UVM-plaid/dp-vc/examples/source_speakers/cremad_1045.wav,/Users/steve/UVM-plaid/dp-vc/output/mixed_teacher_cvrare_hybrid_style_distill_labeled_warmup_sad_enunc_guard_eval/cremad_1045_fear.wav,5.0,sad,fearful,0,0.9789,0.9422,0.3562,0.5000,3.9539,+0.0230
legacy_combined,cremad_1045,happy,/Users/steve/UVM-plaid/dp-vc/examples/source_speakers/cremad_1045.wav,/Users/steve/UVM-plaid/dp-vc/output/pass2_combined_eval/cremad_1045_happy.wav,5.0,neutral,happy,0,0.9651,0.9846,0.0503,0.1429,3.9723,+0.0153
current_reference_guard,cremad_1045,happy,/Users/steve/UVM-plaid/dp-vc/examples/source_speakers/cremad_1045.wav,/Users/steve/UVM-plaid/dp-vc/output/mixed_teacher_cvrare_hybrid_style_distill_labeled_warmup_sad_enunc_guard_eval/cremad_1045_happy.wav,5.0,sad,happy,0,0.9677,0.9354,0.1532,0.5000,3.9247,-0.0062
legacy_combined,cremad_1045,neutral,/Users/steve/UVM-plaid/dp-vc/examples/source_speakers/cremad_1045.wav,/Users/steve/UVM-plaid/dp-vc/output/pass2_combined_eval/cremad_1045_neutral.wav,5.0,neutral,neutral,1,0.8808,0.9844,0.0337,0.1429,3.9358,-0.0212
current_reference_guard,cremad_1045,neutral,/Users/steve/UVM-plaid/dp-vc/examples/source_speakers/cremad_1045.wav,/Users/steve/UVM-plaid/dp-vc/output/mixed_teacher_cvrare_hybrid_style_distill_labeled_warmup_sad_enunc_guard_eval/cremad_1045_neutral.wav,5.0,neutral,neutral,1,0.9955,0.9893,0.1733,0.0714,3.7868,-0.1441
legacy_combined,cremad_1045,sad,/Users/steve/UVM-plaid/dp-vc/examples/source_speakers/cremad_1045.wav,/Users/steve/UVM-plaid/dp-vc/output/pass2_combined_eval/cremad_1045_sad.wav,5.0,neutral,sad,0,0.8840,0.9818,0.0552,0.0000,3.9231,-0.0339
current_reference_guard,cremad_1045,sad,/Users/steve/UVM-plaid/dp-vc/examples/source_speakers/cremad_1045.wav,/Users/steve/UVM-plaid/dp-vc/output/mixed_teacher_cvrare_hybrid_style_distill_labeled_warmup_sad_enunc_guard_eval/cremad_1045_sad.wav,3.5,sad,sad,1,0.9884,0.9434,0.0900,0.1429,3.9145,-0.0164
legacy_combined,cremad_1045,whisper,/Users/steve/UVM-plaid/dp-vc/examples/source_speakers/cremad_1045.wav,/Users/steve/UVM-plaid/dp-vc/output/pass2_combined_eval/cremad_1045_whisper.wav,5.0,disgusted,,,0.4824,0.9487,0.7032,0.2143,3.8415,-0.1155
current_reference_guard,cremad_1045,whisper,/Users/steve/UVM-plaid/dp-vc/examples/source_speakers/cremad_1045.wav,/Users/steve/UVM-plaid/dp-vc/output/mixed_teacher_cvrare_hybrid_style_distill_labeled_warmup_sad_enunc_guard_eval/cremad_1045_whisper.wav,5.0,sad,,,0.9983,0.8677,0.6463,0.1429,3.9643,+0.0334
legacy_combined,cremad_1076,anger,/Users/steve/UVM-plaid/dp-vc/examples/source_speakers/cremad_1076.wav,/Users/steve/UVM-plaid/dp-vc/output/pass2_combined_eval/cremad_1076_anger.wav,5.0,neutral,angry,0,0.8695,0.8817,0.1166,0.0000,3.8988,-0.0267
current_reference_guard,cremad_1076,anger,/Users/steve/UVM-plaid/dp-vc/examples/source_speakers/cremad_1076.wav,/Users/steve/UVM-plaid/dp-vc/output/mixed_teacher_cvrare_hybrid_style_distill_labeled_warmup_sad_enunc_guard_eval/cremad_1076_anger.wav,5.0,neutral,angry,0,0.9981,0.9740,0.2971,0.0000,3.9360,+0.0197
legacy_combined,cremad_1076,baseline,/Users/steve/UVM-plaid/dp-vc/examples/source_speakers/cremad_1076.wav,/Users/steve/UVM-plaid/dp-vc/output/pass2_combined_eval/cremad_1076_baseline.wav,0.0,neutral,,,1.0000,,0.0000,0.0000,3.9255,
current_reference_guard,cremad_1076,baseline,/Users/steve/UVM-plaid/dp-vc/examples/source_speakers/cremad_1076.wav,/Users/steve/UVM-plaid/dp-vc/output/mixed_teacher_cvrare_hybrid_style_distill_labeled_warmup_sad_enunc_guard_eval/cremad_1076_baseline.wav,0.0,neutral,,,1.0000,,0.0000,0.0000,3.9163,
legacy_combined,cremad_1076,confused,/Users/steve/UVM-plaid/dp-vc/examples/source_speakers/cremad_1076.wav,/Users/steve/UVM-plaid/dp-vc/output/pass2_combined_eval/cremad_1076_confused.wav,5.0,neutral,,,0.9999,0.9762,0.5025,0.4286,3.9398,+0.0143
current_reference_guard,cremad_1076,confused,/Users/steve/UVM-plaid/dp-vc/examples/source_speakers/cremad_1076.wav,/Users/steve/UVM-plaid/dp-vc/output/mixed_teacher_cvrare_hybrid_style_distill_labeled_warmup_sad_enunc_guard_eval/cremad_1076_confused.wav,4.0,neutral,,,1.0000,0.9912,0.3132,0.0000,3.8487,-0.0676
legacy_combined,cremad_1076,disgust,/Users/steve/UVM-plaid/dp-vc/examples/source_speakers/cremad_1076.wav,/Users/steve/UVM-plaid/dp-vc/output/pass2_combined_eval/cremad_1076_disgust.wav,5.0,neutral,disgusted,0,0.9919,0.9390,0.0927,0.0000,3.9115,-0.0140
current_reference_guard,cremad_1076,disgust,/Users/steve/UVM-plaid/dp-vc/examples/source_speakers/cremad_1076.wav,/Users/steve/UVM-plaid/dp-vc/output/mixed_teacher_cvrare_hybrid_style_distill_labeled_warmup_sad_enunc_guard_eval/cremad_1076_disgust.wav,5.0,neutral,disgusted,0,1.0000,0.9877,0.2780,0.0000,3.9660,+0.0497
legacy_combined,cremad_1076,enunciated,/Users/steve/UVM-plaid/dp-vc/examples/source_speakers/cremad_1076.wav,/Users/steve/UVM-plaid/dp-vc/output/pass2_combined_eval/cremad_1076_enunciated.wav,5.0,neutral,,,0.7539,0.9246,0.5125,0.4286,3.9670,+0.0415
current_reference_guard,cremad_1076,enunciated,/Users/steve/UVM-plaid/dp-vc/examples/source_speakers/cremad_1076.wav,/Users/steve/UVM-plaid/dp-vc/output/mixed_teacher_cvrare_hybrid_style_distill_labeled_warmup_sad_enunc_guard_eval/cremad_1076_enunciated.wav,2.5,neutral,,,1.0000,0.9963,0.2364,0.0000,3.6342,-0.2821
legacy_combined,cremad_1076,fear,/Users/steve/UVM-plaid/dp-vc/examples/source_speakers/cremad_1076.wav,/Users/steve/UVM-plaid/dp-vc/output/pass2_combined_eval/cremad_1076_fear.wav,5.0,neutral,fearful,0,1.0000,0.9755,0.0442,0.0000,3.9727,+0.0472
current_reference_guard,cremad_1076,fear,/Users/steve/UVM-plaid/dp-vc/examples/source_speakers/cremad_1076.wav,/Users/steve/UVM-plaid/dp-vc/output/mixed_teacher_cvrare_hybrid_style_distill_labeled_warmup_sad_enunc_guard_eval/cremad_1076_fear.wav,5.0,fearful,fearful,1,0.4921,0.9024,0.2933,0.0000,3.8931,-0.0232
legacy_combined,cremad_1076,happy,/Users/steve/UVM-plaid/dp-vc/examples/source_speakers/cremad_1076.wav,/Users/steve/UVM-plaid/dp-vc/output/pass2_combined_eval/cremad_1076_happy.wav,5.0,neutral,happy,0,0.9929,0.9566,0.0895,0.0000,3.9705,+0.0450
current_reference_guard,cremad_1076,happy,/Users/steve/UVM-plaid/dp-vc/examples/source_speakers/cremad_1076.wav,/Users/steve/UVM-plaid/dp-vc/output/mixed_teacher_cvrare_hybrid_style_distill_labeled_warmup_sad_enunc_guard_eval/cremad_1076_happy.wav,5.0,neutral,happy,0,0.6800,0.8979,0.1047,0.0000,3.9090,-0.0073
legacy_combined,cremad_1076,neutral,/Users/steve/UVM-plaid/dp-vc/examples/source_speakers/cremad_1076.wav,/Users/steve/UVM-plaid/dp-vc/output/pass2_combined_eval/cremad_1076_neutral.wav,5.0,neutral,neutral,1,1.0000,0.9948,0.1090,0.0000,3.9486,+0.0231
current_reference_guard,cremad_1076,neutral,/Users/steve/UVM-plaid/dp-vc/examples/source_speakers/cremad_1076.wav,/Users/steve/UVM-plaid/dp-vc/output/mixed_teacher_cvrare_hybrid_style_distill_labeled_warmup_sad_enunc_guard_eval/cremad_1076_neutral.wav,5.0,neutral,neutral,1,0.9960,0.9564,0.2381,0.0000,3.9400,+0.0237
legacy_combined,cremad_1076,sad,/Users/steve/UVM-plaid/dp-vc/examples/source_speakers/cremad_1076.wav,/Users/steve/UVM-plaid/dp-vc/output/pass2_combined_eval/cremad_1076_sad.wav,5.0,neutral,sad,0,1.0000,0.9830,0.0268,0.0000,3.9435,+0.0180
current_reference_guard,cremad_1076,sad,/Users/steve/UVM-plaid/dp-vc/examples/source_speakers/cremad_1076.wav,/Users/steve/UVM-plaid/dp-vc/output/mixed_teacher_cvrare_hybrid_style_distill_labeled_warmup_sad_enunc_guard_eval/cremad_1076_sad.wav,3.5,sad,sad,1,0.9428,0.8981,0.0765,0.7143,3.9038,-0.0125
legacy_combined,cremad_1076,whisper,/Users/steve/UVM-plaid/dp-vc/examples/source_speakers/cremad_1076.wav,/Users/steve/UVM-plaid/dp-vc/output/pass2_combined_eval/cremad_1076_whisper.wav,5.0,disgusted,,,0.5172,0.8545,0.6081,0.4286,3.9038,-0.0217
current_reference_guard,cremad_1076,whisper,/Users/steve/UVM-plaid/dp-vc/examples/source_speakers/cremad_1076.wav,/Users/steve/UVM-plaid/dp-vc/output/mixed_teacher_cvrare_hybrid_style_distill_labeled_warmup_sad_enunc_guard_eval/cremad_1076_whisper.wav,5.0,disgusted,,,0.9547,0.8082,0.6826,0.0000,3.9006,-0.0157
legacy_combined,female_1_cremad_1002,anger,/Users/steve/UVM-plaid/dp-vc/examples/source_speakers/female_1_cremad_1002.wav,/Users/steve/UVM-plaid/dp-vc/output/pass2_combined_eval/female_1_cremad_1002_anger.wav,5.0,neutral,angry,0,0.9994,0.9602,0.2074,0.0000,3.9614,+0.0315
current_reference_guard,female_1_cremad_1002,anger,/Users/steve/UVM-plaid/dp-vc/examples/source_speakers/female_1_cremad_1002.wav,/Users/steve/UVM-plaid/dp-vc/output/mixed_teacher_cvrare_hybrid_style_distill_labeled_warmup_sad_enunc_guard_eval/female_1_cremad_1002_anger.wav,5.0,fearful,angry,0,0.6471,0.9757,0.2090,0.0000,3.9446,-0.0247
legacy_combined,female_1_cremad_1002,baseline,/Users/steve/UVM-plaid/dp-vc/examples/source_speakers/female_1_cremad_1002.wav,/Users/steve/UVM-plaid/dp-vc/output/pass2_combined_eval/female_1_cremad_1002_baseline.wav,0.0,neutral,,,0.9927,,0.0000,0.0000,3.9299,
current_reference_guard,female_1_cremad_1002,baseline,/Users/steve/UVM-plaid/dp-vc/examples/source_speakers/female_1_cremad_1002.wav,/Users/steve/UVM-plaid/dp-vc/output/mixed_teacher_cvrare_hybrid_style_distill_labeled_warmup_sad_enunc_guard_eval/female_1_cremad_1002_baseline.wav,0.0,neutral,,,0.9943,,0.0000,0.0000,3.9693,
legacy_combined,female_1_cremad_1002,confused,/Users/steve/UVM-plaid/dp-vc/examples/source_speakers/female_1_cremad_1002.wav,/Users/steve/UVM-plaid/dp-vc/output/pass2_combined_eval/female_1_cremad_1002_confused.wav,5.0,sad,,,0.9997,0.9375,0.5079,0.2500,3.7547,-0.1752
current_reference_guard,female_1_cremad_1002,confused,/Users/steve/UVM-plaid/dp-vc/examples/source_speakers/female_1_cremad_1002.wav,/Users/steve/UVM-plaid/dp-vc/output/mixed_teacher_cvrare_hybrid_style_distill_labeled_warmup_sad_enunc_guard_eval/female_1_cremad_1002_confused.wav,4.0,sad,,,0.9709,0.9658,0.2792,0.2500,3.5703,-0.3990
legacy_combined,female_1_cremad_1002,disgust,/Users/steve/UVM-plaid/dp-vc/examples/source_speakers/female_1_cremad_1002.wav,/Users/steve/UVM-plaid/dp-vc/output/pass2_combined_eval/female_1_cremad_1002_disgust.wav,5.0,neutral,disgusted,0,0.9986,0.9845,0.0997,0.0000,3.9284,-0.0015
current_reference_guard,female_1_cremad_1002,disgust,/Users/steve/UVM-plaid/dp-vc/examples/source_speakers/female_1_cremad_1002.wav,/Users/steve/UVM-plaid/dp-vc/output/mixed_teacher_cvrare_hybrid_style_distill_labeled_warmup_sad_enunc_guard_eval/female_1_cremad_1002_disgust.wav,5.0,neutral,disgusted,0,0.9998,0.9860,0.2858,0.0000,3.9805,+0.0112
legacy_combined,female_1_cremad_1002,enunciated,/Users/steve/UVM-plaid/dp-vc/examples/source_speakers/female_1_cremad_1002.wav,/Users/steve/UVM-plaid/dp-vc/output/pass2_combined_eval/female_1_cremad_1002_enunciated.wav,5.0,sad,,,0.9990,0.9464,0.3758,0.2500,3.9473,+0.0174
current_reference_guard,female_1_cremad_1002,enunciated,/Users/steve/UVM-plaid/dp-vc/examples/source_speakers/female_1_cremad_1002.wav,/Users/steve/UVM-plaid/dp-vc/output/mixed_teacher_cvrare_hybrid_style_distill_labeled_warmup_sad_enunc_guard_eval/female_1_cremad_1002_enunciated.wav,2.5,neutral,,,1.0000,0.9613,0.1694,0.0000,3.5954,-0.3739
legacy_combined,female_1_cremad_1002,fear,/Users/steve/UVM-plaid/dp-vc/examples/source_speakers/female_1_cremad_1002.wav,/Users/steve/UVM-plaid/dp-vc/output/pass2_combined_eval/female_1_cremad_1002_fear.wav,5.0,sad,fearful,0,0.6520,0.9688,0.0684,0.2500,3.9714,+0.0415
current_reference_guard,female_1_cremad_1002,fear,/Users/steve/UVM-plaid/dp-vc/examples/source_speakers/female_1_cremad_1002.wav,/Users/steve/UVM-plaid/dp-vc/output/mixed_teacher_cvrare_hybrid_style_distill_labeled_warmup_sad_enunc_guard_eval/female_1_cremad_1002_fear.wav,5.0,sad,fearful,0,0.5557,0.9641,0.2735,0.5000,3.1053,-0.8640
legacy_combined,female_1_cremad_1002,happy,/Users/steve/UVM-plaid/dp-vc/examples/source_speakers/female_1_cremad_1002.wav,/Users/steve/UVM-plaid/dp-vc/output/pass2_combined_eval/female_1_cremad_1002_happy.wav,5.0,sad,happy,0,0.9966,0.9495,0.0412,0.2500,3.9480,+0.0181
current_reference_guard,female_1_cremad_1002,happy,/Users/steve/UVM-plaid/dp-vc/examples/source_speakers/female_1_cremad_1002.wav,/Users/steve/UVM-plaid/dp-vc/output/mixed_teacher_cvrare_hybrid_style_distill_labeled_warmup_sad_enunc_guard_eval/female_1_cremad_1002_happy.wav,5.0,sad,happy,0,0.6697,0.9410,0.1243,0.7500,3.9551,-0.0142
legacy_combined,female_1_cremad_1002,neutral,/Users/steve/UVM-plaid/dp-vc/examples/source_speakers/female_1_cremad_1002.wav,/Users/steve/UVM-plaid/dp-vc/output/pass2_combined_eval/female_1_cremad_1002_neutral.wav,5.0,sad,neutral,0,0.5665,0.9818,0.1412,0.0000,3.9320,+0.0021
current_reference_guard,female_1_cremad_1002,neutral,/Users/steve/UVM-plaid/dp-vc/examples/source_speakers/female_1_cremad_1002.wav,/Users/steve/UVM-plaid/dp-vc/output/mixed_teacher_cvrare_hybrid_style_distill_labeled_warmup_sad_enunc_guard_eval/female_1_cremad_1002_neutral.wav,5.0,neutral,neutral,1,0.9578,0.9878,0.2690,0.0000,3.9176,-0.0517
legacy_combined,female_1_cremad_1002,sad,/Users/steve/UVM-plaid/dp-vc/examples/source_speakers/female_1_cremad_1002.wav,/Users/steve/UVM-plaid/dp-vc/output/pass2_combined_eval/female_1_cremad_1002_sad.wav,5.0,sad,sad,1,0.9934,0.9286,0.0916,0.7500,3.9630,+0.0331
current_reference_guard,female_1_cremad_1002,sad,/Users/steve/UVM-plaid/dp-vc/examples/source_speakers/female_1_cremad_1002.wav,/Users/steve/UVM-plaid/dp-vc/output/mixed_teacher_cvrare_hybrid_style_distill_labeled_warmup_sad_enunc_guard_eval/female_1_cremad_1002_sad.wav,3.5,sad,sad,1,0.9977,0.9586,0.0515,0.7500,3.9417,-0.0276
legacy_combined,female_1_cremad_1002,whisper,/Users/steve/UVM-plaid/dp-vc/examples/source_speakers/female_1_cremad_1002.wav,/Users/steve/UVM-plaid/dp-vc/output/pass2_combined_eval/female_1_cremad_1002_whisper.wav,5.0,sad,,,0.9122,0.9600,0.5772,0.0000,3.5991,-0.3308
current_reference_guard,female_1_cremad_1002,whisper,/Users/steve/UVM-plaid/dp-vc/examples/source_speakers/female_1_cremad_1002.wav,/Users/steve/UVM-plaid/dp-vc/output/mixed_teacher_cvrare_hybrid_style_distill_labeled_warmup_sad_enunc_guard_eval/female_1_cremad_1002_whisper.wav,5.0,fearful,,,1.0000,0.3211,0.5868,0.7500,3.8682,-0.1011
legacy_combined,female_2_cremad_1012,anger,/Users/steve/UVM-plaid/dp-vc/examples/source_speakers/female_2_cremad_1012.wav,/Users/steve/UVM-plaid/dp-vc/output/pass2_combined_eval/female_2_cremad_1012_anger.wav,5.0,angry,angry,1,0.9122,0.9107,0.1411,0.2000,3.6325,-0.3153
current_reference_guard,female_2_cremad_1012,anger,/Users/steve/UVM-plaid/dp-vc/examples/source_speakers/female_2_cremad_1012.wav,/Users/steve/UVM-plaid/dp-vc/output/mixed_teacher_cvrare_hybrid_style_distill_labeled_warmup_sad_enunc_guard_eval/female_2_cremad_1012_anger.wav,5.0,neutral,angry,0,0.6779,0.9739,0.2978,0.2000,3.9415,+0.0660
legacy_combined,female_2_cremad_1012,baseline,/Users/steve/UVM-plaid/dp-vc/examples/source_speakers/female_2_cremad_1012.wav,/Users/steve/UVM-plaid/dp-vc/output/pass2_combined_eval/female_2_cremad_1012_baseline.wav,0.0,neutral,,,1.0000,,0.0000,0.0000,3.9478,
current_reference_guard,female_2_cremad_1012,baseline,/Users/steve/UVM-plaid/dp-vc/examples/source_speakers/female_2_cremad_1012.wav,/Users/steve/UVM-plaid/dp-vc/output/mixed_teacher_cvrare_hybrid_style_distill_labeled_warmup_sad_enunc_guard_eval/female_2_cremad_1012_baseline.wav,0.0,neutral,,,1.0000,,0.0000,0.0000,3.8755,
legacy_combined,female_2_cremad_1012,confused,/Users/steve/UVM-plaid/dp-vc/examples/source_speakers/female_2_cremad_1012.wav,/Users/steve/UVM-plaid/dp-vc/output/pass2_combined_eval/female_2_cremad_1012_confused.wav,5.0,neutral,,,0.6994,0.9494,0.5575,0.8000,3.4015,-0.5463
current_reference_guard,female_2_cremad_1012,confused,/Users/steve/UVM-plaid/dp-vc/examples/source_speakers/female_2_cremad_1012.wav,/Users/steve/UVM-plaid/dp-vc/output/mixed_teacher_cvrare_hybrid_style_distill_labeled_warmup_sad_enunc_guard_eval/female_2_cremad_1012_confused.wav,4.0,neutral,,,0.9998,0.9839,0.2861,0.2000,2.3316,-1.5439
legacy_combined,female_2_cremad_1012,disgust,/Users/steve/UVM-plaid/dp-vc/examples/source_speakers/female_2_cremad_1012.wav,/Users/steve/UVM-plaid/dp-vc/output/pass2_combined_eval/female_2_cremad_1012_disgust.wav,5.0,neutral,disgusted,0,0.5503,0.9571,0.1186,0.2000,3.9244,-0.0234
current_reference_guard,female_2_cremad_1012,disgust,/Users/steve/UVM-plaid/dp-vc/examples/source_speakers/female_2_cremad_1012.wav,/Users/steve/UVM-plaid/dp-vc/output/mixed_teacher_cvrare_hybrid_style_distill_labeled_warmup_sad_enunc_guard_eval/female_2_cremad_1012_disgust.wav,5.0,neutral,disgusted,0,0.9996,0.9895,0.3413,0.2000,2.5927,-1.2828
legacy_combined,female_2_cremad_1012,enunciated,/Users/steve/UVM-plaid/dp-vc/examples/source_speakers/female_2_cremad_1012.wav,/Users/steve/UVM-plaid/dp-vc/output/pass2_combined_eval/female_2_cremad_1012_enunciated.wav,5.0,disgusted,,,0.5454,0.9453,0.6103,0.6000,3.9005,-0.0473
current_reference_guard,female_2_cremad_1012,enunciated,/Users/steve/UVM-plaid/dp-vc/examples/source_speakers/female_2_cremad_1012.wav,/Users/steve/UVM-plaid/dp-vc/output/mixed_teacher_cvrare_hybrid_style_distill_labeled_warmup_sad_enunc_guard_eval/female_2_cremad_1012_enunciated.wav,2.5,neutral,,,1.0000,0.9952,0.3006,0.0000,1.8789,-1.9966
legacy_combined,female_2_cremad_1012,fear,/Users/steve/UVM-plaid/dp-vc/examples/source_speakers/female_2_cremad_1012.wav,/Users/steve/UVM-plaid/dp-vc/output/pass2_combined_eval/female_2_cremad_1012_fear.wav,5.0,<unk>,fearful,0,0.6042,0.9398,0.0513,0.2000,3.9680,+0.0202
current_reference_guard,female_2_cremad_1012,fear,/Users/steve/UVM-plaid/dp-vc/examples/source_speakers/female_2_cremad_1012.wav,/Users/steve/UVM-plaid/dp-vc/output/mixed_teacher_cvrare_hybrid_style_distill_labeled_warmup_sad_enunc_guard_eval/female_2_cremad_1012_fear.wav,5.0,sad,fearful,0,0.9910,0.9041,0.3333,0.2000,2.6064,-1.2691
legacy_combined,female_2_cremad_1012,happy,/Users/steve/UVM-plaid/dp-vc/examples/source_speakers/female_2_cremad_1012.wav,/Users/steve/UVM-plaid/dp-vc/output/pass2_combined_eval/female_2_cremad_1012_happy.wav,5.0,neutral,happy,0,0.8729,0.9711,0.0986,0.0000,3.3920,-0.5558
current_reference_guard,female_2_cremad_1012,happy,/Users/steve/UVM-plaid/dp-vc/examples/source_speakers/female_2_cremad_1012.wav,/Users/steve/UVM-plaid/dp-vc/output/mixed_teacher_cvrare_hybrid_style_distill_labeled_warmup_sad_enunc_guard_eval/female_2_cremad_1012_happy.wav,5.0,happy,happy,1,0.8145,0.9011,0.1243,0.2000,3.9387,+0.0632
legacy_combined,female_2_cremad_1012,neutral,/Users/steve/UVM-plaid/dp-vc/examples/source_speakers/female_2_cremad_1012.wav,/Users/steve/UVM-plaid/dp-vc/output/pass2_combined_eval/female_2_cremad_1012_neutral.wav,5.0,neutral,neutral,1,0.9984,0.9863,0.1781,0.0000,3.9704,+0.0226
current_reference_guard,female_2_cremad_1012,neutral,/Users/steve/UVM-plaid/dp-vc/examples/source_speakers/female_2_cremad_1012.wav,/Users/steve/UVM-plaid/dp-vc/output/mixed_teacher_cvrare_hybrid_style_distill_labeled_warmup_sad_enunc_guard_eval/female_2_cremad_1012_neutral.wav,5.0,neutral,neutral,1,0.9727,0.9777,0.2275,0.2000,3.9580,+0.0825
legacy_combined,female_2_cremad_1012,sad,/Users/steve/UVM-plaid/dp-vc/examples/source_speakers/female_2_cremad_1012.wav,/Users/steve/UVM-plaid/dp-vc/output/pass2_combined_eval/female_2_cremad_1012_sad.wav,5.0,neutral,sad,0,0.9903,0.9738,0.1151,0.2000,3.9666,+0.0188
current_reference_guard,female_2_cremad_1012,sad,/Users/steve/UVM-plaid/dp-vc/examples/source_speakers/female_2_cremad_1012.wav,/Users/steve/UVM-plaid/dp-vc/output/mixed_teacher_cvrare_hybrid_style_distill_labeled_warmup_sad_enunc_guard_eval/female_2_cremad_1012_sad.wav,3.5,sad,sad,1,0.9350,0.9213,0.1253,0.0000,3.8722,-0.0033
legacy_combined,female_2_cremad_1012,whisper,/Users/steve/UVM-plaid/dp-vc/examples/source_speakers/female_2_cremad_1012.wav,/Users/steve/UVM-plaid/dp-vc/output/pass2_combined_eval/female_2_cremad_1012_whisper.wav,5.0,<unk>,,,0.5959,0.9701,0.6033,0.2000,3.9692,+0.0214
current_reference_guard,female_2_cremad_1012,whisper,/Users/steve/UVM-plaid/dp-vc/examples/source_speakers/female_2_cremad_1012.wav,/Users/steve/UVM-plaid/dp-vc/output/mixed_teacher_cvrare_hybrid_style_distill_labeled_warmup_sad_enunc_guard_eval/female_2_cremad_1012_whisper.wav,5.0,happy,,,0.6267,0.8965,0.6435,0.6000,3.9412,+0.0657
legacy_combined,male_1_cremad_1003,anger,/Users/steve/UVM-plaid/dp-vc/examples/source_speakers/male_1_cremad_1003.wav,/Users/steve/UVM-plaid/dp-vc/output/pass2_combined_eval/male_1_cremad_1003_anger.wav,5.0,disgusted,angry,0,0.7432,0.9026,0.1019,0.0000,3.9531,-0.0096
current_reference_guard,male_1_cremad_1003,anger,/Users/steve/UVM-plaid/dp-vc/examples/source_speakers/male_1_cremad_1003.wav,/Users/steve/UVM-plaid/dp-vc/output/mixed_teacher_cvrare_hybrid_style_distill_labeled_warmup_sad_enunc_guard_eval/male_1_cremad_1003_anger.wav,5.0,neutral,angry,0,0.7763,0.9296,0.2287,0.0000,3.9723,-0.0055
legacy_combined,male_1_cremad_1003,baseline,/Users/steve/UVM-plaid/dp-vc/examples/source_speakers/male_1_cremad_1003.wav,/Users/steve/UVM-plaid/dp-vc/output/pass2_combined_eval/male_1_cremad_1003_baseline.wav,0.0,neutral,,,1.0000,,0.0000,0.0000,3.9627,
current_reference_guard,male_1_cremad_1003,baseline,/Users/steve/UVM-plaid/dp-vc/examples/source_speakers/male_1_cremad_1003.wav,/Users/steve/UVM-plaid/dp-vc/output/mixed_teacher_cvrare_hybrid_style_distill_labeled_warmup_sad_enunc_guard_eval/male_1_cremad_1003_baseline.wav,0.0,neutral,,,1.0000,,0.0000,0.0000,3.9778,
legacy_combined,male_1_cremad_1003,confused,/Users/steve/UVM-plaid/dp-vc/examples/source_speakers/male_1_cremad_1003.wav,/Users/steve/UVM-plaid/dp-vc/output/pass2_combined_eval/male_1_cremad_1003_confused.wav,5.0,neutral,,,0.9641,0.9609,0.5281,0.0000,3.9763,+0.0136
current_reference_guard,male_1_cremad_1003,confused,/Users/steve/UVM-plaid/dp-vc/examples/source_speakers/male_1_cremad_1003.wav,/Users/steve/UVM-plaid/dp-vc/output/mixed_teacher_cvrare_hybrid_style_distill_labeled_warmup_sad_enunc_guard_eval/male_1_cremad_1003_confused.wav,4.0,neutral,,,0.9999,0.9774,0.1761,0.0000,3.5789,-0.3989
legacy_combined,male_1_cremad_1003,disgust,/Users/steve/UVM-plaid/dp-vc/examples/source_speakers/male_1_cremad_1003.wav,/Users/steve/UVM-plaid/dp-vc/output/pass2_combined_eval/male_1_cremad_1003_disgust.wav,5.0,disgusted,disgusted,1,0.6230,0.9403,0.0895,0.0000,3.9721,+0.0094
current_reference_guard,male_1_cremad_1003,disgust,/Users/steve/UVM-plaid/dp-vc/examples/source_speakers/male_1_cremad_1003.wav,/Users/steve/UVM-plaid/dp-vc/output/mixed_teacher_cvrare_hybrid_style_distill_labeled_warmup_sad_enunc_guard_eval/male_1_cremad_1003_disgust.wav,5.0,neutral,disgusted,0,1.0000,0.9868,0.2799,0.0000,3.5306,-0.4472
legacy_combined,male_1_cremad_1003,enunciated,/Users/steve/UVM-plaid/dp-vc/examples/source_speakers/male_1_cremad_1003.wav,/Users/steve/UVM-plaid/dp-vc/output/pass2_combined_eval/male_1_cremad_1003_enunciated.wav,5.0,neutral,,,0.9973,0.9803,0.4425,0.5000,3.9672,+0.0045
current_reference_guard,male_1_cremad_1003,enunciated,/Users/steve/UVM-plaid/dp-vc/examples/source_speakers/male_1_cremad_1003.wav,/Users/steve/UVM-plaid/dp-vc/output/mixed_teacher_cvrare_hybrid_style_distill_labeled_warmup_sad_enunc_guard_eval/male_1_cremad_1003_enunciated.wav,2.5,neutral,,,1.0000,0.9976,0.1591,0.0000,3.9806,+0.0028
legacy_combined,male_1_cremad_1003,fear,/Users/steve/UVM-plaid/dp-vc/examples/source_speakers/male_1_cremad_1003.wav,/Users/steve/UVM-plaid/dp-vc/output/pass2_combined_eval/male_1_cremad_1003_fear.wav,5.0,neutral,fearful,0,1.0000,0.9950,0.0808,0.0000,3.9758,+0.0131
current_reference_guard,male_1_cremad_1003,fear,/Users/steve/UVM-plaid/dp-vc/examples/source_speakers/male_1_cremad_1003.wav,/Users/steve/UVM-plaid/dp-vc/output/mixed_teacher_cvrare_hybrid_style_distill_labeled_warmup_sad_enunc_guard_eval/male_1_cremad_1003_fear.wav,5.0,sad,fearful,0,0.6620,0.9020,0.4044,0.0000,3.2590,-0.7188
legacy_combined,male_1_cremad_1003,happy,/Users/steve/UVM-plaid/dp-vc/examples/source_speakers/male_1_cremad_1003.wav,/Users/steve/UVM-plaid/dp-vc/output/pass2_combined_eval/male_1_cremad_1003_happy.wav,5.0,neutral,happy,0,0.7544,0.9611,0.0694,0.0000,3.9789,+0.0162
current_reference_guard,male_1_cremad_1003,happy,/Users/steve/UVM-plaid/dp-vc/examples/source_speakers/male_1_cremad_1003.wav,/Users/steve/UVM-plaid/dp-vc/output/mixed_teacher_cvrare_hybrid_style_distill_labeled_warmup_sad_enunc_guard_eval/male_1_cremad_1003_happy.wav,5.0,sad,happy,0,0.6784,0.8446,0.2345,0.2500,3.9737,-0.0041
legacy_combined,male_1_cremad_1003,neutral,/Users/steve/UVM-plaid/dp-vc/examples/source_speakers/male_1_cremad_1003.wav,/Users/steve/UVM-plaid/dp-vc/output/pass2_combined_eval/male_1_cremad_1003_neutral.wav,5.0,neutral,neutral,1,1.0000,0.9979,0.1141,0.0000,3.9739,+0.0112
current_reference_guard,male_1_cremad_1003,neutral,/Users/steve/UVM-plaid/dp-vc/examples/source_speakers/male_1_cremad_1003.wav,/Users/steve/UVM-plaid/dp-vc/output/mixed_teacher_cvrare_hybrid_style_distill_labeled_warmup_sad_enunc_guard_eval/male_1_cremad_1003_neutral.wav,5.0,neutral,neutral,1,0.9983,0.9656,0.2132,0.0000,3.9765,-0.0013
legacy_combined,male_1_cremad_1003,sad,/Users/steve/UVM-plaid/dp-vc/examples/source_speakers/male_1_cremad_1003.wav,/Users/steve/UVM-plaid/dp-vc/output/pass2_combined_eval/male_1_cremad_1003_sad.wav,5.0,neutral,sad,0,0.8221,0.9505,0.1664,0.0000,3.9750,+0.0123
current_reference_guard,male_1_cremad_1003,sad,/Users/steve/UVM-plaid/dp-vc/examples/source_speakers/male_1_cremad_1003.wav,/Users/steve/UVM-plaid/dp-vc/output/mixed_teacher_cvrare_hybrid_style_distill_labeled_warmup_sad_enunc_guard_eval/male_1_cremad_1003_sad.wav,3.5,sad,sad,1,0.6216,0.9344,0.1148,0.0000,3.9329,-0.0449
legacy_combined,male_1_cremad_1003,whisper,/Users/steve/UVM-plaid/dp-vc/examples/source_speakers/male_1_cremad_1003.wav,/Users/steve/UVM-plaid/dp-vc/output/pass2_combined_eval/male_1_cremad_1003_whisper.wav,5.0,disgusted,,,0.9986,0.8636,0.6207,0.2500,3.7354,-0.2273
current_reference_guard,male_1_cremad_1003,whisper,/Users/steve/UVM-plaid/dp-vc/examples/source_speakers/male_1_cremad_1003.wav,/Users/steve/UVM-plaid/dp-vc/output/mixed_teacher_cvrare_hybrid_style_distill_labeled_warmup_sad_enunc_guard_eval/male_1_cremad_1003_whisper.wav,5.0,fearful,,,0.9989,0.7571,0.6032,0.0000,3.9367,-0.0411
legacy_combined,male_2_cremad_1051,anger,/Users/steve/UVM-plaid/dp-vc/examples/source_speakers/male_2_cremad_1051.wav,/Users/steve/UVM-plaid/dp-vc/output/pass2_combined_eval/male_2_cremad_1051_anger.wav,5.0,neutral,angry,0,0.9697,0.9310,0.1644,0.7500,1.4067,-2.5730
current_reference_guard,male_2_cremad_1051,anger,/Users/steve/UVM-plaid/dp-vc/examples/source_speakers/male_2_cremad_1051.wav,/Users/steve/UVM-plaid/dp-vc/output/mixed_teacher_cvrare_hybrid_style_distill_labeled_warmup_sad_enunc_guard_eval/male_2_cremad_1051_anger.wav,5.0,neutral,angry,0,0.7411,0.9578,0.2591,0.7500,3.9535,-0.0221
legacy_combined,male_2_cremad_1051,baseline,/Users/steve/UVM-plaid/dp-vc/examples/source_speakers/male_2_cremad_1051.wav,/Users/steve/UVM-plaid/dp-vc/output/pass2_combined_eval/male_2_cremad_1051_baseline.wav,0.0,neutral,,,1.0000,,0.0000,0.0000,3.9797,
current_reference_guard,male_2_cremad_1051,baseline,/Users/steve/UVM-plaid/dp-vc/examples/source_speakers/male_2_cremad_1051.wav,/Users/steve/UVM-plaid/dp-vc/output/mixed_teacher_cvrare_hybrid_style_distill_labeled_warmup_sad_enunc_guard_eval/male_2_cremad_1051_baseline.wav,0.0,neutral,,,1.0000,,0.0000,0.0000,3.9756,
legacy_combined,male_2_cremad_1051,confused,/Users/steve/UVM-plaid/dp-vc/examples/source_speakers/male_2_cremad_1051.wav,/Users/steve/UVM-plaid/dp-vc/output/pass2_combined_eval/male_2_cremad_1051_confused.wav,5.0,neutral,,,0.7961,0.9488,0.4391,1.0000,3.2169,-0.7628
current_reference_guard,male_2_cremad_1051,confused,/Users/steve/UVM-plaid/dp-vc/examples/source_speakers/male_2_cremad_1051.wav,/Users/steve/UVM-plaid/dp-vc/output/mixed_teacher_cvrare_hybrid_style_distill_labeled_warmup_sad_enunc_guard_eval/male_2_cremad_1051_confused.wav,4.0,neutral,,,0.9986,0.9954,0.2815,0.7500,3.7998,-0.1758
legacy_combined,male_2_cremad_1051,disgust,/Users/steve/UVM-plaid/dp-vc/examples/source_speakers/male_2_cremad_1051.wav,/Users/steve/UVM-plaid/dp-vc/output/pass2_combined_eval/male_2_cremad_1051_disgust.wav,5.0,neutral,disgusted,0,0.9739,0.9574,0.0992,0.7500,3.9356,-0.0441
current_reference_guard,male_2_cremad_1051,disgust,/Users/steve/UVM-plaid/dp-vc/examples/source_speakers/male_2_cremad_1051.wav,/Users/steve/UVM-plaid/dp-vc/output/mixed_teacher_cvrare_hybrid_style_distill_labeled_warmup_sad_enunc_guard_eval/male_2_cremad_1051_disgust.wav,5.0,neutral,disgusted,0,1.0000,0.9965,0.1303,0.7500,3.8475,-0.1281
legacy_combined,male_2_cremad_1051,enunciated,/Users/steve/UVM-plaid/dp-vc/examples/source_speakers/male_2_cremad_1051.wav,/Users/steve/UVM-plaid/dp-vc/output/pass2_combined_eval/male_2_cremad_1051_enunciated.wav,5.0,neutral,,,0.8893,0.9694,0.3661,0.0000,3.9149,-0.0648
current_reference_guard,male_2_cremad_1051,enunciated,/Users/steve/UVM-plaid/dp-vc/examples/source_speakers/male_2_cremad_1051.wav,/Users/steve/UVM-plaid/dp-vc/output/mixed_teacher_cvrare_hybrid_style_distill_labeled_warmup_sad_enunc_guard_eval/male_2_cremad_1051_enunciated.wav,2.5,neutral,,,1.0000,0.9932,0.1151,0.7500,3.8115,-0.1641
legacy_combined,male_2_cremad_1051,fear,/Users/steve/UVM-plaid/dp-vc/examples/source_speakers/male_2_cremad_1051.wav,/Users/steve/UVM-plaid/dp-vc/output/pass2_combined_eval/male_2_cremad_1051_fear.wav,5.0,neutral,fearful,0,0.9999,0.9902,0.0847,0.7500,3.9786,-0.0011
current_reference_guard,male_2_cremad_1051,fear,/Users/steve/UVM-plaid/dp-vc/examples/source_speakers/male_2_cremad_1051.wav,/Users/steve/UVM-plaid/dp-vc/output/mixed_teacher_cvrare_hybrid_style_distill_labeled_warmup_sad_enunc_guard_eval/male_2_cremad_1051_fear.wav,5.0,sad,fearful,0,0.7633,0.9540,0.3157,0.7500,3.0501,-0.9255
legacy_combined,male_2_cremad_1051,happy,/Users/steve/UVM-plaid/dp-vc/examples/source_speakers/male_2_cremad_1051.wav,/Users/steve/UVM-plaid/dp-vc/output/pass2_combined_eval/male_2_cremad_1051_happy.wav,5.0,neutral,happy,0,1.0000,0.9986,0.0535,0.7500,3.9844,+0.0047
current_reference_guard,male_2_cremad_1051,happy,/Users/steve/UVM-plaid/dp-vc/examples/source_speakers/male_2_cremad_1051.wav,/Users/steve/UVM-plaid/dp-vc/output/mixed_teacher_cvrare_hybrid_style_distill_labeled_warmup_sad_enunc_guard_eval/male_2_cremad_1051_happy.wav,5.0,sad,happy,0,0.8806,0.9430,0.2005,1.2500,3.9718,-0.0038
legacy_combined,male_2_cremad_1051,neutral,/Users/steve/UVM-plaid/dp-vc/examples/source_speakers/male_2_cremad_1051.wav,/Users/steve/UVM-plaid/dp-vc/output/pass2_combined_eval/male_2_cremad_1051_neutral.wav,5.0,neutral,neutral,1,0.9999,0.9969,0.0310,0.7500,3.9714,-0.0083
current_reference_guard,male_2_cremad_1051,neutral,/Users/steve/UVM-plaid/dp-vc/examples/source_speakers/male_2_cremad_1051.wav,/Users/steve/UVM-plaid/dp-vc/output/mixed_teacher_cvrare_hybrid_style_distill_labeled_warmup_sad_enunc_guard_eval/male_2_cremad_1051_neutral.wav,5.0,neutral,neutral,1,0.9781,0.9859,0.1961,0.7500,2.9625,-1.0131
legacy_combined,male_2_cremad_1051,sad,/Users/steve/UVM-plaid/dp-vc/examples/source_speakers/male_2_cremad_1051.wav,/Users/steve/UVM-plaid/dp-vc/output/pass2_combined_eval/male_2_cremad_1051_sad.wav,5.0,neutral,sad,0,0.9975,0.9823,0.0455,0.0000,3.9824,+0.0027
current_reference_guard,male_2_cremad_1051,sad,/Users/steve/UVM-plaid/dp-vc/examples/source_speakers/male_2_cremad_1051.wav,/Users/steve/UVM-plaid/dp-vc/output/mixed_teacher_cvrare_hybrid_style_distill_labeled_warmup_sad_enunc_guard_eval/male_2_cremad_1051_sad.wav,3.5,sad,sad,1,0.9721,0.9418,0.0748,0.7500,3.9382,-0.0374
legacy_combined,male_2_cremad_1051,whisper,/Users/steve/UVM-plaid/dp-vc/examples/source_speakers/male_2_cremad_1051.wav,/Users/steve/UVM-plaid/dp-vc/output/pass2_combined_eval/male_2_cremad_1051_whisper.wav,5.0,sad,,,0.8225,0.8910,0.5724,1.0000,3.9788,-0.0009
current_reference_guard,male_2_cremad_1051,whisper,/Users/steve/UVM-plaid/dp-vc/examples/source_speakers/male_2_cremad_1051.wav,/Users/steve/UVM-plaid/dp-vc/output/mixed_teacher_cvrare_hybrid_style_distill_labeled_warmup_sad_enunc_guard_eval/male_2_cremad_1051_whisper.wav,5.0,sad,,,0.7549,0.9150,0.5477,0.7500,3.9791,+0.0035
