style,perceptual_status,listener,evidence_path,summary
anger,blocked_or_subtle,Joe,results/listening_mixed_teacher_cvrare_strength_grid_ab_review_priority_joe_2026-05-19.md; results/listening_mixed_teacher_cvrare_audio_calibrated_labeled_warmup_joe_2026-05-28.md,"Joe heard objective-pass anger strength candidates as ties, and later audio-calibrated anger as only subtle/source-dependent."
confused,needs_review,not yet focused,results/listening_mixed_teacher_cvrare_hybrid_style_distill_labeled_warmup_sad_enunc_guard.html,"No focused human review is recorded; source separability is weak, so keep diagnostic unless a perceptual demo story emerges."
disgust,blocked,Joe,results/listening_mixed_teacher_cvrare_audio_calibrated_labeled_warmup_joe_2026-05-28.md,"Joe heard generated disgust as neutral across the focused panel; Stephen heard it as promising, but the result is not confirmed."
enunciated,needs_review,not yet focused,results/listening_mixed_teacher_cvrare_hybrid_style_distill_labeled_warmup_sad_enunc_guard.html,No focused human review is recorded; treat as a non-emotion articulation control with quality risk until listening confirms it.
fear,blocked,Joe,results/listening_mixed_teacher_cvrare_strength_grid_ab_review_priority_joe_2026-05-19.md,Joe preferred the reference for the objective-pass fear row because the candidate had an unnatural pitch change; other reviewed rows tied.
happy,needs_review,not yet focused,results/listening_mixed_teacher_cvrare_hybrid_style_distill_labeled_warmup_sad_enunc_guard.html,No focused human review is recorded; objective metrics are mixed because recall is partial and WER is high.
neutral,supported,Joe,results/listening_control_shortlist_neutral_sad_joe_2026-06-08.md,Joe confirmed all neutral outputs sound neutral; all reviewed outputs were intelligible and reasonably natural.
sad,supported,Joe,results/listening_control_shortlist_neutral_sad_joe_2026-06-08.md,"Joe heard sad outputs as sad for the most part; row 4 was less obvious, and the sadness is perceptible but subtle."
whisper,needs_review,not yet focused,results/listening_mixed_teacher_cvrare_hybrid_style_distill_labeled_warmup_sad_enunc_guard.html,No focused human review is recorded; non-emotion voice-quality control has strong novelty and acceptable quality metrics.
