style,recommendation_bucket,paper_claim_status,source_gate,source_support,source_datasets,source_direct_recall,source_embedding_f1,generated_gate,generated_target_rows,generated_direct_recall,generated_mean_wer,generated_mean_mos_delta,generated_mean_external_novelty,generated_any_collapse_count,perceptual_status,perceptual_listener,perceptual_evidence_path,perceptual_summary,rationale,next_action
neutral,headline_control,paper-ready headline control,source_separable,95,"CREMA-D,Expresso",0.9263,0.9091,generated_strong,11,0.9091,0.1269,-0.1472,0.2716,0,supported,Joe,results/listening_control_shortlist_neutral_sad_joe_2026-06-08.md,Joe confirmed all neutral outputs sound neutral; all reviewed outputs were intelligible and reasonably natural.,source separable; generated strong; perceptual status: supported,"Use as a headline claim, while still reporting objective and listening limits."
sad,headline_control,paper-ready headline control,source_separable,95,"CREMA-D,Expresso",0.8842,0.7925,generated_strong,11,0.9091,0.2955,-0.0318,0.2834,1,supported,Joe,results/listening_control_shortlist_neutral_sad_joe_2026-06-08.md,"Joe heard sad outputs as sad for the most part; row 4 was less obvious, and the sadness is perceptible but subtle.",source separable; generated strong; perceptual status: supported,"Use as a headline claim, while still reporting objective and listening limits."
enunciated,supported_but_quality_sensitive,secondary or demo-only candidate; not headline yet,source_supported_quality_sensitive,90,Expresso,,0.5000,generated_nonemotion_quality_sensitive,0,,0.1542,-0.5339,0.3100,0,needs_review,not yet focused,results/listening_mixed_teacher_cvrare_hybrid_style_distill_labeled_warmup_sad_enunc_guard.html,No focused human review is recorded; treat as a non-emotion articulation control with quality risk until listening confirms it.,source supported quality sensitive; generated nonemotion quality sensitive; perceptual status: needs_review,Use only with caveats or targeted listening; source evidence is useful but not strong enough for a headline claim.
happy,supported_but_quality_sensitive,secondary or demo-only candidate; not headline yet,source_separable,95,"CREMA-D,Expresso",0.9053,0.8889,generated_mixed,11,0.4545,0.3981,-0.0026,0.4508,3,needs_review,not yet focused,results/listening_mixed_teacher_cvrare_hybrid_style_distill_labeled_warmup_sad_enunc_guard.html,No focused human review is recorded; objective metrics are mixed because recall is partial and WER is high.,source separable; generated mixed; perceptual status: needs_review,Use only with caveats or targeted listening; do not overclaim.
whisper,supported_but_quality_sensitive,secondary or demo-only candidate; not headline yet,source_supported_quality_sensitive,90,Expresso,,0.5161,generated_nonemotion_supported,0,,0.2889,-0.0668,0.4434,0,needs_review,not yet focused,results/listening_mixed_teacher_cvrare_hybrid_style_distill_labeled_warmup_sad_enunc_guard.html,No focused human review is recorded; non-emotion voice-quality control has strong novelty and acceptable quality metrics.,source supported quality sensitive; generated nonemotion supported; perceptual status: needs_review,Use only with caveats or targeted listening; source evidence is useful but not strong enough for a headline claim.
anger,diagnostic_or_limitation,do not use as a headline claim,source_separable,91,CREMA-D,0.9451,0.9545,generated_diagnostic,11,0.0909,0.1740,-0.0532,0.3563,7,blocked_or_subtle,Joe,results/listening_mixed_teacher_cvrare_strength_grid_ab_review_priority_joe_2026-05-19.md; results/listening_mixed_teacher_cvrare_audio_calibrated_labeled_warmup_joe_2026-05-28.md,"Joe heard objective-pass anger strength candidates as ties, and later audio-calibrated anger as only subtle/source-dependent.",source separable; generated diagnostic; perceptual status: blocked_or_subtle,Keep diagnostic unless new listening evidence overturns the negative perceptual gate.
confused,diagnostic_or_limitation,do not use as a headline claim,source_weak,90,Expresso,,0.2703,generated_nonemotion_quality_sensitive,0,,0.2152,-0.4156,0.3121,0,needs_review,not yet focused,results/listening_mixed_teacher_cvrare_hybrid_style_distill_labeled_warmup_sad_enunc_guard.html,"No focused human review is recorded; source separability is weak, so keep diagnostic unless a perceptual demo story emerges.",source weak; generated nonemotion quality sensitive; perceptual status: needs_review,Source-label evidence is not strong enough for a central claim.
disgust,diagnostic_or_limitation,do not use as a headline claim,source_separable,91,CREMA-D,0.9341,0.9091,generated_diagnostic,11,0.1818,0.1529,-0.2315,0.3612,9,blocked,Joe,results/listening_mixed_teacher_cvrare_audio_calibrated_labeled_warmup_joe_2026-05-28.md,"Joe heard generated disgust as neutral across the focused panel; Stephen heard it as promising, but the result is not confirmed.",source separable; generated diagnostic; perceptual status: blocked,Keep diagnostic unless new listening evidence overturns the negative perceptual gate.
fear,diagnostic_or_limitation,do not use as a headline claim,source_separable,91,CREMA-D,0.7692,0.7027,generated_diagnostic,11,0.2727,0.3071,-0.3903,0.4454,0,blocked,Joe,results/listening_mixed_teacher_cvrare_strength_grid_ab_review_priority_joe_2026-05-19.md,Joe preferred the reference for the objective-pass fear row because the candidate had an unnatural pitch change; other reviewed rows tied.,source separable; generated diagnostic; perceptual status: blocked,Keep diagnostic unless new listening evidence overturns the negative perceptual gate.
