priority,bucket,style,source_stem,recommendation,reference_match,candidate_match,match_delta,reference_wer,candidate_wer,wer_delta,reference_mos_delta,candidate_mos_delta,mos_delta_delta,reference_novelty,candidate_novelty,novelty_delta,quality_risk,severe_risk,reference_tag,candidate_tag,reference_audio,candidate_audio
1,clean_target_gain,anger,cremad_1006,listen first; candidate may be preset-worthy if it sounds natural,0,1,1,0.0000,0.0000,0.0000,-0.6623,-0.5494,0.1129,0.3805,0.3930,0.0125,0,0,mixed_teacher_cvrare_hybrid_style_distill_labeled_warmup_sad_enunc_guard,mixed_teacher_cvrare_strength_grid_anger_s10,/Users/steve/UVM-plaid/dp-vc/output/mixed_teacher_cvrare_hybrid_style_distill_labeled_warmup_sad_enunc_guard_eval/cremad_1006_anger.wav,/Users/steve/UVM-plaid/dp-vc/output/mixed_teacher_cvrare_strength_grid/mixed_teacher_cvrare_strength_grid_anger_s10/cremad_1006_anger.wav
1,clean_target_gain,fear,male_1_cremad_1003,listen first; candidate may be preset-worthy if it sounds natural,0,1,1,0.0000,0.0000,0.0000,-0.7188,-0.6636,0.0552,0.4044,0.4731,0.0687,0,0,mixed_teacher_cvrare_hybrid_style_distill_labeled_warmup_sad_enunc_guard,mixed_teacher_cvrare_strength_grid_fear_s7p5,/Users/steve/UVM-plaid/dp-vc/output/mixed_teacher_cvrare_hybrid_style_distill_labeled_warmup_sad_enunc_guard_eval/male_1_cremad_1003_fear.wav,/Users/steve/UVM-plaid/dp-vc/output/mixed_teacher_cvrare_strength_grid/mixed_teacher_cvrare_strength_grid_fear_s7p5/male_1_cremad_1003_fear.wav
2,target_gain_quality_risk,anger,female_1_cremad_1002,listen early; candidate gains target label but quality/content may block preset,0,1,1,0.0000,0.7500,0.7500,-0.0247,-0.0111,0.0136,0.2090,0.2796,0.0706,1,0,mixed_teacher_cvrare_hybrid_style_distill_labeled_warmup_sad_enunc_guard,mixed_teacher_cvrare_strength_grid_anger_s10,/Users/steve/UVM-plaid/dp-vc/output/mixed_teacher_cvrare_hybrid_style_distill_labeled_warmup_sad_enunc_guard_eval/female_1_cremad_1002_anger.wav,/Users/steve/UVM-plaid/dp-vc/output/mixed_teacher_cvrare_strength_grid/mixed_teacher_cvrare_strength_grid_anger_s10/female_1_cremad_1002_anger.wav
2,target_gain_quality_risk,fear,cremad_1003,listen early; candidate gains target label but quality/content may block preset,0,1,1,0.4286,1.1429,0.7143,-0.5571,-0.3900,0.1671,0.3985,0.4685,0.0700,1,1,mixed_teacher_cvrare_hybrid_style_distill_labeled_warmup_sad_enunc_guard,mixed_teacher_cvrare_strength_grid_fear_s7p5,/Users/steve/UVM-plaid/dp-vc/output/mixed_teacher_cvrare_hybrid_style_distill_labeled_warmup_sad_enunc_guard_eval/cremad_1003_fear.wav,/Users/steve/UVM-plaid/dp-vc/output/mixed_teacher_cvrare_strength_grid/mixed_teacher_cvrare_strength_grid_fear_s7p5/cremad_1003_fear.wav
2,target_gain_quality_risk,fear,female_1_cremad_1002,listen early; candidate gains target label but quality/content may block preset,0,1,1,0.5000,0.7500,0.2500,-0.8640,-0.0063,0.8577,0.2735,0.3408,0.0673,1,0,mixed_teacher_cvrare_hybrid_style_distill_labeled_warmup_sad_enunc_guard,mixed_teacher_cvrare_strength_grid_fear_s7p5,/Users/steve/UVM-plaid/dp-vc/output/mixed_teacher_cvrare_hybrid_style_distill_labeled_warmup_sad_enunc_guard_eval/female_1_cremad_1002_fear.wav,/Users/steve/UVM-plaid/dp-vc/output/mixed_teacher_cvrare_strength_grid/mixed_teacher_cvrare_strength_grid_fear_s7p5/female_1_cremad_1002_fear.wav
3,novelty_gain_no_recall_gain,anger,cremad_1003,listen if novelty matters; do not treat as recall improvement,1,1,0,0.0000,0.0000,0.0000,-0.0253,-0.0098,0.0155,0.2727,0.3458,0.0731,0,0,mixed_teacher_cvrare_hybrid_style_distill_labeled_warmup_sad_enunc_guard,mixed_teacher_cvrare_strength_grid_anger_s10,/Users/steve/UVM-plaid/dp-vc/output/mixed_teacher_cvrare_hybrid_style_distill_labeled_warmup_sad_enunc_guard_eval/cremad_1003_anger.wav,/Users/steve/UVM-plaid/dp-vc/output/mixed_teacher_cvrare_strength_grid/mixed_teacher_cvrare_strength_grid_anger_s10/cremad_1003_anger.wav
3,novelty_gain_no_recall_gain,anger,cremad_1004,listen if novelty matters; do not treat as recall improvement,0,0,0,0.0000,0.0000,0.0000,-0.0207,-0.0038,0.0169,0.3592,0.4302,0.0710,0,0,mixed_teacher_cvrare_hybrid_style_distill_labeled_warmup_sad_enunc_guard,mixed_teacher_cvrare_strength_grid_anger_s10,/Users/steve/UVM-plaid/dp-vc/output/mixed_teacher_cvrare_hybrid_style_distill_labeled_warmup_sad_enunc_guard_eval/cremad_1004_anger.wav,/Users/steve/UVM-plaid/dp-vc/output/mixed_teacher_cvrare_strength_grid/mixed_teacher_cvrare_strength_grid_anger_s10/cremad_1004_anger.wav
3,tie_or_minor_change,anger,cremad_1007,lower priority; use for sanity check,0,0,0,0.7500,0.3750,-0.3750,0.0428,0.0707,0.0279,0.3697,0.3707,0.0010,0,0,mixed_teacher_cvrare_hybrid_style_distill_labeled_warmup_sad_enunc_guard,mixed_teacher_cvrare_strength_grid_anger_s10,/Users/steve/UVM-plaid/dp-vc/output/mixed_teacher_cvrare_hybrid_style_distill_labeled_warmup_sad_enunc_guard_eval/cremad_1007_anger.wav,/Users/steve/UVM-plaid/dp-vc/output/mixed_teacher_cvrare_strength_grid/mixed_teacher_cvrare_strength_grid_anger_s10/cremad_1007_anger.wav
3,tie_or_minor_change,anger,cremad_1023,lower priority; use for sanity check,0,0,0,0.0714,0.0000,-0.0714,0.0151,0.0127,-0.0024,0.2830,0.3072,0.0242,0,0,mixed_teacher_cvrare_hybrid_style_distill_labeled_warmup_sad_enunc_guard,mixed_teacher_cvrare_strength_grid_anger_s10,/Users/steve/UVM-plaid/dp-vc/output/mixed_teacher_cvrare_hybrid_style_distill_labeled_warmup_sad_enunc_guard_eval/cremad_1023_anger.wav,/Users/steve/UVM-plaid/dp-vc/output/mixed_teacher_cvrare_strength_grid/mixed_teacher_cvrare_strength_grid_anger_s10/cremad_1023_anger.wav
3,tie_or_minor_change,anger,cremad_1045,lower priority; use for sanity check,0,0,0,0.1429,0.2143,0.0714,0.0316,0.0361,0.0045,0.3009,0.3174,0.0165,0,0,mixed_teacher_cvrare_hybrid_style_distill_labeled_warmup_sad_enunc_guard,mixed_teacher_cvrare_strength_grid_anger_s10,/Users/steve/UVM-plaid/dp-vc/output/mixed_teacher_cvrare_hybrid_style_distill_labeled_warmup_sad_enunc_guard_eval/cremad_1045_anger.wav,/Users/steve/UVM-plaid/dp-vc/output/mixed_teacher_cvrare_strength_grid/mixed_teacher_cvrare_strength_grid_anger_s10/cremad_1045_anger.wav
3,tie_or_minor_change,anger,cremad_1076,lower priority; use for sanity check,0,0,0,0.0000,0.0000,0.0000,0.0197,0.0371,0.0174,0.2971,0.3226,0.0255,0,0,mixed_teacher_cvrare_hybrid_style_distill_labeled_warmup_sad_enunc_guard,mixed_teacher_cvrare_strength_grid_anger_s10,/Users/steve/UVM-plaid/dp-vc/output/mixed_teacher_cvrare_hybrid_style_distill_labeled_warmup_sad_enunc_guard_eval/cremad_1076_anger.wav,/Users/steve/UVM-plaid/dp-vc/output/mixed_teacher_cvrare_strength_grid/mixed_teacher_cvrare_strength_grid_anger_s10/cremad_1076_anger.wav
3,novelty_gain_no_recall_gain,anger,female_2_cremad_1012,listen if novelty matters; do not treat as recall improvement,0,0,0,0.2000,0.2000,0.0000,0.0660,0.0451,-0.0209,0.2978,0.3439,0.0461,0,0,mixed_teacher_cvrare_hybrid_style_distill_labeled_warmup_sad_enunc_guard,mixed_teacher_cvrare_strength_grid_anger_s10,/Users/steve/UVM-plaid/dp-vc/output/mixed_teacher_cvrare_hybrid_style_distill_labeled_warmup_sad_enunc_guard_eval/female_2_cremad_1012_anger.wav,/Users/steve/UVM-plaid/dp-vc/output/mixed_teacher_cvrare_strength_grid/mixed_teacher_cvrare_strength_grid_anger_s10/female_2_cremad_1012_anger.wav
3,novelty_gain_no_recall_gain,anger,male_1_cremad_1003,listen if novelty matters; do not treat as recall improvement,0,0,0,0.0000,0.0000,0.0000,-0.0055,-0.0740,-0.0685,0.2287,0.2984,0.0697,0,0,mixed_teacher_cvrare_hybrid_style_distill_labeled_warmup_sad_enunc_guard,mixed_teacher_cvrare_strength_grid_anger_s10,/Users/steve/UVM-plaid/dp-vc/output/mixed_teacher_cvrare_hybrid_style_distill_labeled_warmup_sad_enunc_guard_eval/male_1_cremad_1003_anger.wav,/Users/steve/UVM-plaid/dp-vc/output/mixed_teacher_cvrare_strength_grid/mixed_teacher_cvrare_strength_grid_anger_s10/male_1_cremad_1003_anger.wav
3,tie_or_minor_change,anger,male_2_cremad_1051,lower priority; use for sanity check,0,0,0,0.7500,0.7500,0.0000,-0.0221,-0.0023,0.0198,0.2591,0.2231,-0.0360,1,0,mixed_teacher_cvrare_hybrid_style_distill_labeled_warmup_sad_enunc_guard,mixed_teacher_cvrare_strength_grid_anger_s10,/Users/steve/UVM-plaid/dp-vc/output/mixed_teacher_cvrare_hybrid_style_distill_labeled_warmup_sad_enunc_guard_eval/male_2_cremad_1051_anger.wav,/Users/steve/UVM-plaid/dp-vc/output/mixed_teacher_cvrare_strength_grid/mixed_teacher_cvrare_strength_grid_anger_s10/male_2_cremad_1051_anger.wav
3,novelty_gain_no_recall_gain,disgust,cremad_1006,listen if novelty matters; do not treat as recall improvement,0,0,0,0.0000,0.0000,0.0000,0.0288,-0.6298,-0.6586,0.2396,0.2933,0.0537,0,0,mixed_teacher_cvrare_hybrid_style_distill_labeled_warmup_sad_enunc_guard,mixed_teacher_cvrare_strength_grid_disgust_s10,/Users/steve/UVM-plaid/dp-vc/output/mixed_teacher_cvrare_hybrid_style_distill_labeled_warmup_sad_enunc_guard_eval/cremad_1006_disgust.wav,/Users/steve/UVM-plaid/dp-vc/output/mixed_teacher_cvrare_strength_grid/mixed_teacher_cvrare_strength_grid_disgust_s10/cremad_1006_disgust.wav
3,tie_or_minor_change,disgust,cremad_1007,lower priority; use for sanity check,0,0,0,0.3750,0.5000,0.1250,0.0735,-0.0707,-0.1442,0.1234,0.2336,0.1102,1,0,mixed_teacher_cvrare_hybrid_style_distill_labeled_warmup_sad_enunc_guard,mixed_teacher_cvrare_strength_grid_disgust_s10,/Users/steve/UVM-plaid/dp-vc/output/mixed_teacher_cvrare_hybrid_style_distill_labeled_warmup_sad_enunc_guard_eval/cremad_1007_disgust.wav,/Users/steve/UVM-plaid/dp-vc/output/mixed_teacher_cvrare_strength_grid/mixed_teacher_cvrare_strength_grid_disgust_s10/cremad_1007_disgust.wav
3,novelty_gain_no_recall_gain,disgust,cremad_1045,listen if novelty matters; do not treat as recall improvement,0,0,0,0.1429,0.1429,0.0000,0.0398,-0.0874,-0.1272,0.1245,0.2037,0.0792,0,0,mixed_teacher_cvrare_hybrid_style_distill_labeled_warmup_sad_enunc_guard,mixed_teacher_cvrare_strength_grid_disgust_s10,/Users/steve/UVM-plaid/dp-vc/output/mixed_teacher_cvrare_hybrid_style_distill_labeled_warmup_sad_enunc_guard_eval/cremad_1045_disgust.wav,/Users/steve/UVM-plaid/dp-vc/output/mixed_teacher_cvrare_strength_grid/mixed_teacher_cvrare_strength_grid_disgust_s10/cremad_1045_disgust.wav
3,novelty_gain_no_recall_gain,disgust,cremad_1076,listen if novelty matters; do not treat as recall improvement,0,0,0,0.0000,0.4286,0.4286,0.0497,-0.0381,-0.0878,0.2780,0.4060,0.1280,0,0,mixed_teacher_cvrare_hybrid_style_distill_labeled_warmup_sad_enunc_guard,mixed_teacher_cvrare_strength_grid_disgust_s10,/Users/steve/UVM-plaid/dp-vc/output/mixed_teacher_cvrare_hybrid_style_distill_labeled_warmup_sad_enunc_guard_eval/cremad_1076_disgust.wav,/Users/steve/UVM-plaid/dp-vc/output/mixed_teacher_cvrare_strength_grid/mixed_teacher_cvrare_strength_grid_disgust_s10/cremad_1076_disgust.wav
3,novelty_gain_no_recall_gain,disgust,female_1_cremad_1002,listen if novelty matters; do not treat as recall improvement,0,0,0,0.0000,0.2500,0.2500,0.0112,0.0086,-0.0026,0.2858,0.3382,0.0524,0,0,mixed_teacher_cvrare_hybrid_style_distill_labeled_warmup_sad_enunc_guard,mixed_teacher_cvrare_strength_grid_disgust_s10,/Users/steve/UVM-plaid/dp-vc/output/mixed_teacher_cvrare_hybrid_style_distill_labeled_warmup_sad_enunc_guard_eval/female_1_cremad_1002_disgust.wav,/Users/steve/UVM-plaid/dp-vc/output/mixed_teacher_cvrare_strength_grid/mixed_teacher_cvrare_strength_grid_disgust_s10/female_1_cremad_1002_disgust.wav
3,novelty_gain_no_recall_gain,disgust,male_1_cremad_1003,listen if novelty matters; do not treat as recall improvement,0,0,0,0.0000,0.0000,0.0000,-0.4472,-0.1828,0.2644,0.2799,0.3896,0.1097,0,0,mixed_teacher_cvrare_hybrid_style_distill_labeled_warmup_sad_enunc_guard,mixed_teacher_cvrare_strength_grid_disgust_s10,/Users/steve/UVM-plaid/dp-vc/output/mixed_teacher_cvrare_hybrid_style_distill_labeled_warmup_sad_enunc_guard_eval/male_1_cremad_1003_disgust.wav,/Users/steve/UVM-plaid/dp-vc/output/mixed_teacher_cvrare_strength_grid/mixed_teacher_cvrare_strength_grid_disgust_s10/male_1_cremad_1003_disgust.wav
3,novelty_gain_no_recall_gain,fear,cremad_1006,listen if novelty matters; do not treat as recall improvement,0,0,0,0.0000,0.0000,0.0000,0.0250,0.0368,0.0118,0.3373,0.3716,0.0343,0,0,mixed_teacher_cvrare_hybrid_style_distill_labeled_warmup_sad_enunc_guard,mixed_teacher_cvrare_strength_grid_fear_s7p5,/Users/steve/UVM-plaid/dp-vc/output/mixed_teacher_cvrare_hybrid_style_distill_labeled_warmup_sad_enunc_guard_eval/cremad_1006_fear.wav,/Users/steve/UVM-plaid/dp-vc/output/mixed_teacher_cvrare_strength_grid/mixed_teacher_cvrare_strength_grid_fear_s7p5/cremad_1006_fear.wav
3,tie_or_minor_change,fear,cremad_1007,lower priority; use for sanity check,0,0,0,0.5000,0.6250,0.1250,0.0805,0.0543,-0.0262,0.3855,0.4198,0.0343,1,0,mixed_teacher_cvrare_hybrid_style_distill_labeled_warmup_sad_enunc_guard,mixed_teacher_cvrare_strength_grid_fear_s7p5,/Users/steve/UVM-plaid/dp-vc/output/mixed_teacher_cvrare_hybrid_style_distill_labeled_warmup_sad_enunc_guard_eval/cremad_1007_fear.wav,/Users/steve/UVM-plaid/dp-vc/output/mixed_teacher_cvrare_strength_grid/mixed_teacher_cvrare_strength_grid_fear_s7p5/cremad_1007_fear.wav
3,novelty_gain_no_recall_gain,fear,cremad_1023,listen if novelty matters; do not treat as recall improvement,1,1,0,0.3571,0.0714,-0.2857,0.0185,0.0293,0.0108,0.3025,0.3731,0.0706,0,0,mixed_teacher_cvrare_hybrid_style_distill_labeled_warmup_sad_enunc_guard,mixed_teacher_cvrare_strength_grid_fear_s7p5,/Users/steve/UVM-plaid/dp-vc/output/mixed_teacher_cvrare_hybrid_style_distill_labeled_warmup_sad_enunc_guard_eval/cremad_1023_fear.wav,/Users/steve/UVM-plaid/dp-vc/output/mixed_teacher_cvrare_strength_grid/mixed_teacher_cvrare_strength_grid_fear_s7p5/cremad_1023_fear.wav
3,tie_or_minor_change,fear,cremad_1045,lower priority; use for sanity check,0,0,0,0.5000,0.6429,0.1429,0.0230,-0.0215,-0.0445,0.3562,0.4219,0.0657,1,0,mixed_teacher_cvrare_hybrid_style_distill_labeled_warmup_sad_enunc_guard,mixed_teacher_cvrare_strength_grid_fear_s7p5,/Users/steve/UVM-plaid/dp-vc/output/mixed_teacher_cvrare_hybrid_style_distill_labeled_warmup_sad_enunc_guard_eval/cremad_1045_fear.wav,/Users/steve/UVM-plaid/dp-vc/output/mixed_teacher_cvrare_strength_grid/mixed_teacher_cvrare_strength_grid_fear_s7p5/cremad_1045_fear.wav
3,tie_or_minor_change,fear,male_2_cremad_1051,lower priority; use for sanity check,0,0,0,0.7500,0.7500,0.0000,-0.9255,-0.9444,-0.0189,0.3157,0.3687,0.0530,1,0,mixed_teacher_cvrare_hybrid_style_distill_labeled_warmup_sad_enunc_guard,mixed_teacher_cvrare_strength_grid_fear_s7p5,/Users/steve/UVM-plaid/dp-vc/output/mixed_teacher_cvrare_hybrid_style_distill_labeled_warmup_sad_enunc_guard_eval/male_2_cremad_1051_fear.wav,/Users/steve/UVM-plaid/dp-vc/output/mixed_teacher_cvrare_strength_grid/mixed_teacher_cvrare_strength_grid_fear_s7p5/male_2_cremad_1051_fear.wav
4,metric_trap,disgust,cremad_1003,likely reject; objective metrics show no recall gain and worse quality,1,1,0,0.0000,0.0000,0.0000,-0.8321,-2.4525,-1.6204,0.2665,0.3479,0.0814,1,1,mixed_teacher_cvrare_hybrid_style_distill_labeled_warmup_sad_enunc_guard,mixed_teacher_cvrare_strength_grid_disgust_s10,/Users/steve/UVM-plaid/dp-vc/output/mixed_teacher_cvrare_hybrid_style_distill_labeled_warmup_sad_enunc_guard_eval/cremad_1003_disgust.wav,/Users/steve/UVM-plaid/dp-vc/output/mixed_teacher_cvrare_strength_grid/mixed_teacher_cvrare_strength_grid_disgust_s10/cremad_1003_disgust.wav
4,metric_trap,disgust,cremad_1004,likely reject; objective metrics show no recall gain and worse quality,1,1,0,0.0000,0.0000,0.0000,-0.0744,-1.1260,-1.0516,0.2893,0.3545,0.0652,1,1,mixed_teacher_cvrare_hybrid_style_distill_labeled_warmup_sad_enunc_guard,mixed_teacher_cvrare_strength_grid_disgust_s10,/Users/steve/UVM-plaid/dp-vc/output/mixed_teacher_cvrare_hybrid_style_distill_labeled_warmup_sad_enunc_guard_eval/cremad_1004_disgust.wav,/Users/steve/UVM-plaid/dp-vc/output/mixed_teacher_cvrare_strength_grid/mixed_teacher_cvrare_strength_grid_disgust_s10/cremad_1004_disgust.wav
4,metric_trap,disgust,cremad_1023,likely reject; objective metrics show no recall gain and worse quality,0,0,0,0.2143,0.6429,0.4286,0.0150,-0.0094,-0.0244,0.1672,0.2281,0.0609,1,0,mixed_teacher_cvrare_hybrid_style_distill_labeled_warmup_sad_enunc_guard,mixed_teacher_cvrare_strength_grid_disgust_s10,/Users/steve/UVM-plaid/dp-vc/output/mixed_teacher_cvrare_hybrid_style_distill_labeled_warmup_sad_enunc_guard_eval/cremad_1023_disgust.wav,/Users/steve/UVM-plaid/dp-vc/output/mixed_teacher_cvrare_strength_grid/mixed_teacher_cvrare_strength_grid_disgust_s10/cremad_1023_disgust.wav
4,metric_trap,disgust,female_2_cremad_1012,likely reject; objective metrics show no recall gain and worse quality,0,0,0,0.2000,0.4000,0.2000,-1.2828,-1.4189,-0.1361,0.3413,0.4350,0.0937,1,1,mixed_teacher_cvrare_hybrid_style_distill_labeled_warmup_sad_enunc_guard,mixed_teacher_cvrare_strength_grid_disgust_s10,/Users/steve/UVM-plaid/dp-vc/output/mixed_teacher_cvrare_hybrid_style_distill_labeled_warmup_sad_enunc_guard_eval/female_2_cremad_1012_disgust.wav,/Users/steve/UVM-plaid/dp-vc/output/mixed_teacher_cvrare_strength_grid/mixed_teacher_cvrare_strength_grid_disgust_s10/female_2_cremad_1012_disgust.wav
4,metric_trap,disgust,male_2_cremad_1051,likely reject; objective metrics show no recall gain and worse quality,0,0,0,0.7500,0.7500,0.0000,-0.1281,-0.6360,-0.5079,0.1303,0.2066,0.0763,1,0,mixed_teacher_cvrare_hybrid_style_distill_labeled_warmup_sad_enunc_guard,mixed_teacher_cvrare_strength_grid_disgust_s10,/Users/steve/UVM-plaid/dp-vc/output/mixed_teacher_cvrare_hybrid_style_distill_labeled_warmup_sad_enunc_guard_eval/male_2_cremad_1051_disgust.wav,/Users/steve/UVM-plaid/dp-vc/output/mixed_teacher_cvrare_strength_grid/mixed_teacher_cvrare_strength_grid_disgust_s10/male_2_cremad_1051_disgust.wav
4,metric_trap,fear,cremad_1004,likely reject; objective metrics show no recall gain and worse quality,1,1,0,0.1429,0.5714,0.4285,-0.0821,0.0002,0.0823,0.4328,0.4901,0.0573,1,0,mixed_teacher_cvrare_hybrid_style_distill_labeled_warmup_sad_enunc_guard,mixed_teacher_cvrare_strength_grid_fear_s7p5,/Users/steve/UVM-plaid/dp-vc/output/mixed_teacher_cvrare_hybrid_style_distill_labeled_warmup_sad_enunc_guard_eval/cremad_1004_fear.wav,/Users/steve/UVM-plaid/dp-vc/output/mixed_teacher_cvrare_strength_grid/mixed_teacher_cvrare_strength_grid_fear_s7p5/cremad_1004_fear.wav
4,metric_trap,fear,cremad_1076,likely reject; objective metrics show no recall gain and worse quality,1,1,0,0.0000,1.0000,1.0000,-0.0232,-0.1032,-0.0800,0.2933,0.4088,0.1155,1,1,mixed_teacher_cvrare_hybrid_style_distill_labeled_warmup_sad_enunc_guard,mixed_teacher_cvrare_strength_grid_fear_s7p5,/Users/steve/UVM-plaid/dp-vc/output/mixed_teacher_cvrare_hybrid_style_distill_labeled_warmup_sad_enunc_guard_eval/cremad_1076_fear.wav,/Users/steve/UVM-plaid/dp-vc/output/mixed_teacher_cvrare_strength_grid/mixed_teacher_cvrare_strength_grid_fear_s7p5/cremad_1076_fear.wav
4,metric_trap,fear,female_2_cremad_1012,likely reject; objective metrics show no recall gain and worse quality,0,0,0,0.2000,0.2000,0.0000,-1.2691,-1.2605,0.0086,0.3333,0.4132,0.0799,1,1,mixed_teacher_cvrare_hybrid_style_distill_labeled_warmup_sad_enunc_guard,mixed_teacher_cvrare_strength_grid_fear_s7p5,/Users/steve/UVM-plaid/dp-vc/output/mixed_teacher_cvrare_hybrid_style_distill_labeled_warmup_sad_enunc_guard_eval/female_2_cremad_1012_fear.wav,/Users/steve/UVM-plaid/dp-vc/output/mixed_teacher_cvrare_strength_grid/mixed_teacher_cvrare_strength_grid_fear_s7p5/female_2_cremad_1012_fear.wav
